"id_libro","cluster_arco","nivel","etapa"
"L0002",3,1,"Basica inicial"
"L0008",4,1,"Basica inicial"
"L0009",2,1,"Basica inicial"
"L0012",5,1,"Basica inicial"
"L0013",2,1,"Basica inicial"
"L0018",3,1,"Basica inicial"
"L0024",1,1,"Basica inicial"
"L0026",3,1,"Basica inicial"
"L0027",2,1,"Basica inicial"
"L0028",4,1,"Basica inicial"
"L0031",4,1,"Basica inicial"
"L0033",1,1,"Basica inicial"
"L0037",4,1,"Basica inicial"
"L0039",4,1,"Basica inicial"
"L0040",5,1,"Basica inicial"
"L0043",4,1,"Basica inicial"
"L0044",1,1,"Basica inicial"
"L0045",3,1,"Basica inicial"
"L0047",1,1,"Basica inicial"
"L0049",5,1,"Basica inicial"
"L0051",2,1,"Basica inicial"
"L0055",4,1,"Basica inicial"
"L0057",3,1,"Basica inicial"
"L0059",1,9,"Media"
"L0060",4,9,"Media"
"L0061",5,9,"Media"
"L0063",2,9,"Media"
"L0064",2,9,"Media"
"L0065",2,9,"Media"
"L0066",3,9,"Media"
"L0067",4,9,"Media"
"L0068",5,9,"Media"
"L0069",1,9,"Media"
"L0071",2,9,"Media"
"L0072",1,9,"Media"
"L0073",5,9,"Media"
"L0074",1,9,"Media"
"L0075",5,9,"Media"
"L0076",1,9,"Media"
"L0077",1,9,"Media"
"L0078",5,9,"Media"
"L0079",1,9,"Media"
"L0080",5,9,"Media"
"L0081",3,9,"Media"
"L0082",5,9,"Media"
"L0083",4,9,"Media"
"L0084",4,9,"Media"
"L0085",5,9,"Media"
"L0086",2,9,"Media"
"L0087",5,9,"Media"
"L0088",3,9,"Media"
"L0089",3,9,"Media"
"L0090",2,9,"Media"
"L0091",3,9,"Media"
"L0093",2,9,"Media"
"L0094",3,9,"Media"
"L0095",5,9,"Media"
"L0096",1,9,"Media"
"L0097",1,9,"Media"
"L0098",4,9,"Media"
"L0099",1,9,"Media"
"L0100",1,9,"Media"
"L0101",1,9,"Media"
"L0102",2,9,"Media"
"L0104",1,9,"Media"
"L0105",1,9,"Media"
"L0106",3,9,"Media"
"L0108",3,9,"Media"
"L0109",3,9,"Media"
"L0110",2,9,"Media"
"L0111",1,9,"Media"
"L0112",3,9,"Media"
"L0113",3,9,"Media"
"L0115",2,9,"Media"
"L0116",2,9,"Media"
"L0117",2,9,"Media"
"L0118",1,9,"Media"
"L0119",5,9,"Media"
"L0120",2,9,"Media"
"L0121",5,9,"Media"
"L0123",4,2,"Basica inicial"
"L0125",1,2,"Basica inicial"
"L0126",3,2,"Basica inicial"
"L0127",3,2,"Basica inicial"
"L0130",4,2,"Basica inicial"
"L0132",4,2,"Basica inicial"
"L0133",1,2,"Basica inicial"
"L0134",4,2,"Basica inicial"
"L0137",2,2,"Basica inicial"
"L0140",4,2,"Basica inicial"
"L0147",3,2,"Basica inicial"
"L0148",1,2,"Basica inicial"
"L0149",3,2,"Basica inicial"
"L0150",3,2,"Basica inicial"
"L0155",1,2,"Basica inicial"
"L0156",4,2,"Basica inicial"
"L0158",3,2,"Basica inicial"
"L0159",5,2,"Basica inicial"
"L0160",1,2,"Basica inicial"
"L0161",5,2,"Basica inicial"
"L0162",5,2,"Basica inicial"
"L0167",1,2,"Basica inicial"
"L0168",4,2,"Basica inicial"
"L0170",1,2,"Basica inicial"
"L0173",1,2,"Basica inicial"
"L0174",1,2,"Basica inicial"
"L0178",4,2,"Basica inicial"
"L0181",3,2,"Basica inicial"
"L0183",4,10,"Media"
"L0184",5,10,"Media"
"L0185",3,10,"Media"
"L0186",4,10,"Media"
"L0187",1,10,"Media"
"L0188",1,10,"Media"
"L0191",2,10,"Media"
"L0192",2,10,"Media"
"L0193",2,10,"Media"
"L0194",5,10,"Media"
"L0195",1,10,"Media"
"L0196",5,10,"Media"
"L0197",4,10,"Media"
"L0198",5,10,"Media"
"L0199",5,10,"Media"
"L0200",1,10,"Media"
"L0201",1,10,"Media"
"L0203",5,10,"Media"
"L0204",5,10,"Media"
"L0205",3,10,"Media"
"L0206",1,10,"Media"
"L0208",3,10,"Media"
"L0209",1,10,"Media"
"L0210",5,10,"Media"
"L0211",1,10,"Media"
"L0212",2,10,"Media"
"L0213",1,10,"Media"
"L0214",3,10,"Media"
"L0215",5,10,"Media"
"L0216",2,10,"Media"
"L0217",5,10,"Media"
"L0218",4,10,"Media"
"L0219",1,10,"Media"
"L0221",2,10,"Media"
"L0222",1,10,"Media"
"L0223",5,10,"Media"
"L0224",2,10,"Media"
"L0225",3,10,"Media"
"L0226",4,10,"Media"
"L0227",4,11,"Media"
"L0228",5,10,"Media"
"L0229",5,11,"Media"
"L0230",5,12,"Media"
"L0232",4,3,"Basica inicial"
"L0237",5,3,"Basica inicial"
"L0238",5,3,"Basica inicial"
"L0239",5,3,"Basica inicial"
"L0240",5,3,"Basica inicial"
"L0241",3,3,"Basica inicial"
"L0245",1,3,"Basica inicial"
"L0246",1,3,"Basica inicial"
"L0247",1,3,"Basica inicial"
"L0250",4,3,"Basica inicial"
"L0252",1,3,"Basica inicial"
"L0253",5,3,"Basica inicial"
"L0254",5,3,"Basica inicial"
"L0255",4,3,"Basica inicial"
"L0256",1,3,"Basica inicial"
"L0260",4,3,"Basica inicial"
"L0261",5,3,"Basica inicial"
"L0262",5,3,"Basica inicial"
"L0263",2,3,"Basica inicial"
"L0266",5,3,"Basica inicial"
"L0268",1,3,"Basica inicial"
"L0269",2,3,"Basica inicial"
"L0272",4,3,"Basica inicial"
"L0274",5,3,"Basica inicial"
"L0275",2,3,"Basica inicial"
"L0277",4,3,"Basica inicial"
"L0278",1,3,"Basica inicial"
"L0280",4,3,"Basica inicial"
"L0286",4,3,"Basica inicial"
"L0287",4,5,"Basica superior"
"L0288",1,11,"Media"
"L0289",4,11,"Media"
"L0290",1,11,"Media"
"L0291",1,11,"Media"
"L0292",2,11,"Media"
"L0293",3,11,"Media"
"L0294",3,11,"Media"
"L0295",3,11,"Media"
"L0296",5,11,"Media"
"L0297",2,11,"Media"
"L0299",5,11,"Media"
"L0300",1,11,"Media"
"L0301",5,11,"Media"
"L0302",5,11,"Media"
"L0303",1,11,"Media"
"L0304",3,11,"Media"
"L0305",4,11,"Media"
"L0307",3,11,"Media"
"L0308",3,11,"Media"
"L0309",2,11,"Media"
"L0310",4,11,"Media"
"L0311",4,11,"Media"
"L0312",1,11,"Media"
"L0313",2,11,"Media"
"L0316",2,11,"Media"
"L0317",5,11,"Media"
"L0318",2,11,"Media"
"L0319",5,11,"Media"
"L0320",4,11,"Media"
"L0321",1,11,"Media"
"L0323",2,11,"Media"
"L0324",4,11,"Media"
"L0325",3,11,"Media"
"L0326",1,11,"Media"
"L0327",2,11,"Media"
"L0328",3,11,"Media"
"L0329",4,11,"Media"
"L0330",4,11,"Media"
"L0331",5,11,"Media"
"L0332",3,11,"Media"
"L0333",1,11,"Media"
"L0334",5,11,"Media"
"L0335",5,11,"Media"
"L0337",5,11,"Media"
"L0338",3,11,"Media"
"L0339",4,11,"Media"
"L0341",2,11,"Media"
"L0342",2,12,"Media"
"L0343",4,11,"Media"
"L0344",4,12,"Media"
"L0345",1,11,"Media"
"L0346",1,12,"Media"
"L0347",5,11,"Media"
"L0348",5,12,"Media"
"L0349",3,11,"Media"
"L0350",3,12,"Media"
"L0353",3,11,"Media"
"L0354",3,12,"Media"
"L0355",1,11,"Media"
"L0356",1,12,"Media"
"L0357",1,11,"Media"
"L0358",1,12,"Media"
"L0359",2,4,"Basica inicial"
"L0360",3,4,"Basica inicial"
"L0361",5,4,"Basica inicial"
"L0362",1,4,"Basica inicial"
"L0366",3,4,"Basica inicial"
"L0368",1,4,"Basica inicial"
"L0371",5,4,"Basica inicial"
"L0372",2,4,"Basica inicial"
"L0373",2,4,"Basica inicial"
"L0375",3,4,"Basica inicial"
"L0378",3,4,"Basica inicial"
"L0379",4,4,"Basica inicial"
"L0380",4,4,"Basica inicial"
"L0381",2,4,"Basica inicial"
"L0383",1,4,"Basica inicial"
"L0384",1,4,"Basica inicial"
"L0385",5,4,"Basica inicial"
"L0387",2,4,"Basica inicial"
"L0388",5,4,"Basica inicial"
"L0389",1,4,"Basica inicial"
"L0390",5,4,"Basica inicial"
"L0391",4,4,"Basica inicial"
"L0392",1,4,"Basica inicial"
"L0394",4,4,"Basica inicial"
"L0397",2,4,"Basica inicial"
"L0398",1,4,"Basica inicial"
"L0401",4,4,"Basica inicial"
"L0403",1,4,"Basica inicial"
"L0404",1,6,"Basica superior"
"L0405",1,7,"Basica superior"
"L0406",1,12,"Media"
"L0407",3,12,"Media"
"L0408",4,12,"Media"
"L0409",4,12,"Media"
"L0410",2,12,"Media"
"L0411",5,12,"Media"
"L0412",1,12,"Media"
"L0413",5,12,"Media"
"L0414",2,12,"Media"
"L0415",2,12,"Media"
"L0416",3,12,"Media"
"L0417",3,12,"Media"
"L0418",3,12,"Media"
"L0419",3,12,"Media"
"L0420",4,12,"Media"
"L0421",3,12,"Media"
"L0422",3,12,"Media"
"L0423",1,12,"Media"
"L0424",1,12,"Media"
"L0425",1,12,"Media"
"L0426",3,12,"Media"
"L0428",5,12,"Media"
"L0429",2,12,"Media"
"L0430",5,12,"Media"
"L0432",5,12,"Media"
"L0433",5,12,"Media"
"L0434",2,12,"Media"
"L0435",5,12,"Media"
"L0436",3,12,"Media"
"L0437",5,12,"Media"
"L0438",4,12,"Media"
"L0439",4,12,"Media"
"L0440",4,12,"Media"
"L0441",5,12,"Media"
"L0442",4,12,"Media"
"L0443",1,12,"Media"
"L0444",2,12,"Media"
"L0445",3,12,"Media"
"L0447",4,12,"Media"
"L0448",5,12,"Media"
"L0449",4,12,"Media"
"L0450",4,12,"Media"
"L0451",5,12,"Media"
"L0452",4,12,"Media"
"L0453",5,12,"Media"
"L0454",4,12,"Media"
"L0455",2,12,"Media"
"L0456",5,12,"Media"
"L0457",4,12,"Media"
"L0458",3,12,"Media"
"L0459",5,12,"Media"
"L0461",4,12,"Media"
"L0462",3,12,"Media"
"L0463",1,12,"Media"
"L0464",5,12,"Media"
"L0465",4,12,"Media"
"L0466",5,12,"Media"
"L0467",2,12,"Media"
"L0468",4,12,"Media"
"L0469",2,5,"Basica superior"
"L0470",2,5,"Basica superior"
"L0473",1,5,"Basica superior"
"L0476",4,5,"Basica superior"
"L0480",5,5,"Basica superior"
"L0481",4,5,"Basica superior"
"L0482",5,5,"Basica superior"
"L0483",3,5,"Basica superior"
"L0485",4,5,"Basica superior"
"L0486",1,5,"Basica superior"
"L0487",5,5,"Basica superior"
"L0488",2,5,"Basica superior"
"L0489",3,5,"Basica superior"
"L0490",1,5,"Basica superior"
"L0492",2,5,"Basica superior"
"L0493",1,5,"Basica superior"
"L0494",5,5,"Basica superior"
"L0495",2,5,"Basica superior"
"L0499",1,5,"Basica superior"
"L0500",4,5,"Basica superior"
"L0501",2,5,"Basica superior"
"L0502",2,7,"Basica superior"
"L0504",2,6,"Basica superior"
"L0505",5,6,"Basica superior"
"L0506",1,6,"Basica superior"
"L0507",2,6,"Basica superior"
"L0509",2,6,"Basica superior"
"L0511",1,6,"Basica superior"
"L0512",3,6,"Basica superior"
"L0514",4,6,"Basica superior"
"L0515",1,6,"Basica superior"
"L0516",3,6,"Basica superior"
"L0517",1,6,"Basica superior"
"L0518",2,6,"Basica superior"
"L0519",3,6,"Basica superior"
"L0522",5,6,"Basica superior"
"L0523",1,6,"Basica superior"
"L0524",2,6,"Basica superior"
"L0525",1,6,"Basica superior"
"L0529",5,6,"Basica superior"
"L0530",3,6,"Basica superior"
"L0531",3,6,"Basica superior"
"L0532",3,6,"Basica superior"
"L0535",2,6,"Basica superior"
"L0536",3,6,"Basica superior"
"L0537",4,6,"Basica superior"
"L0538",5,6,"Basica superior"
"L0540",1,6,"Basica superior"
"L0541",1,6,"Basica superior"
"L0543",5,6,"Basica superior"
"L0544",5,6,"Basica superior"
"L0545",1,6,"Basica superior"
"L0546",2,6,"Basica superior"
"L0547",1,6,"Basica superior"
"L0548",2,6,"Basica superior"
"L0549",4,6,"Basica superior"
"L0550",4,6,"Basica superior"
"L0551",2,6,"Basica superior"
"L0553",1,6,"Basica superior"
"L0554",2,6,"Basica superior"
"L0555",2,6,"Basica superior"
"L0556",2,6,"Basica superior"
"L0557",3,6,"Basica superior"
"L0558",1,6,"Basica superior"
"L0559",4,6,"Basica superior"
"L0560",2,6,"Basica superior"
"L0561",2,6,"Basica superior"
"L0564",4,6,"Basica superior"
"L0565",4,8,"Basica superior"
"L0566",5,6,"Basica superior"
"L0567",5,8,"Basica superior"
"L0568",1,7,"Basica superior"
"L0569",3,7,"Basica superior"
"L0571",4,7,"Basica superior"
"L0572",2,7,"Basica superior"
"L0574",4,7,"Basica superior"
"L0576",4,7,"Basica superior"
"L0578",3,7,"Basica superior"
"L0581",1,7,"Basica superior"
"L0582",3,7,"Basica superior"
"L0583",4,7,"Basica superior"
"L0584",4,7,"Basica superior"
"L0586",1,7,"Basica superior"
"L0587",2,7,"Basica superior"
"L0588",5,7,"Basica superior"
"L0590",2,7,"Basica superior"
"L0591",2,7,"Basica superior"
"L0592",5,7,"Basica superior"
"L0593",4,7,"Basica superior"
"L0594",3,7,"Basica superior"
"L0595",2,7,"Basica superior"
"L0596",4,7,"Basica superior"
"L0597",4,7,"Basica superior"
"L0598",1,7,"Basica superior"
"L0599",2,7,"Basica superior"
"L0600",3,7,"Basica superior"
"L0601",3,7,"Basica superior"
"L0602",2,7,"Basica superior"
"L0603",3,7,"Basica superior"
"L0605",1,7,"Basica superior"
"L0606",4,7,"Basica superior"
"L0607",3,7,"Basica superior"
"L0608",3,7,"Basica superior"
"L0609",1,7,"Basica superior"
"L0610",1,7,"Basica superior"
"L0612",1,7,"Basica superior"
"L0613",3,7,"Basica superior"
"L0614",5,7,"Basica superior"
"L0616",4,7,"Basica superior"
"L0617",5,7,"Basica superior"
"L0618",5,7,"Basica superior"
"L0619",4,7,"Basica superior"
"L0621",1,7,"Basica superior"
"L0622",2,7,"Basica superior"
"L0623",4,7,"Basica superior"
"L0624",5,7,"Basica superior"
"L0625",1,7,"Basica superior"
"L0626",2,7,"Basica superior"
"L0627",3,7,"Basica superior"
"L0628",3,7,"Basica superior"
"L0632",3,7,"Basica superior"
"L0633",4,7,"Basica superior"
"L0634",5,7,"Basica superior"
"L0635",4,7,"Basica superior"
"L0636",1,7,"Basica superior"
"L0637",1,7,"Basica superior"
"L0638",4,7,"Basica superior"
"L0639",2,7,"Basica superior"
"L0640",4,7,"Basica superior"
"L0643",5,7,"Basica superior"
"L0646",1,7,"Basica superior"
"L0647",2,7,"Basica superior"
"L0648",2,7,"Basica superior"
"L0649",2,7,"Basica superior"
"L0651",5,7,"Basica superior"
"L0652",3,7,"Basica superior"
"L0653",3,7,"Basica superior"
"L0654",5,7,"Basica superior"
"L0655",1,7,"Basica superior"
"L0656",2,7,"Basica superior"
"L0657",2,7,"Basica superior"
"L0658",1,7,"Basica superior"
"L0659",1,10,"Media"
"L0660",5,7,"Basica superior"
"L0661",5,11,"Media"
"L0664",5,7,"Basica superior"
"L0665",5,8,"Basica superior"
"L0666",5,7,"Basica superior"
"L0667",5,8,"Basica superior"
"L0668",5,10,"Media"
"L0669",2,7,"Basica superior"
"L0670",2,8,"Basica superior"
"L0671",2,10,"Media"
"L0672",2,8,"Basica superior"
"L0673",5,8,"Basica superior"
"L0674",2,8,"Basica superior"
"L0675",5,8,"Basica superior"
"L0676",4,8,"Basica superior"
"L0677",4,8,"Basica superior"
"L0678",5,8,"Basica superior"
"L0679",2,8,"Basica superior"
"L0680",4,8,"Basica superior"
"L0681",4,8,"Basica superior"
"L0682",3,8,"Basica superior"
"L0683",1,8,"Basica superior"
"L0684",4,8,"Basica superior"
"L0685",4,8,"Basica superior"
"L0686",4,8,"Basica superior"
"L0687",5,8,"Basica superior"
"L0688",5,8,"Basica superior"
"L0689",5,8,"Basica superior"
"L0690",4,8,"Basica superior"
"L0691",3,8,"Basica superior"
"L0693",5,8,"Basica superior"
"L0694",2,8,"Basica superior"
"L0695",4,8,"Basica superior"
"L0696",4,8,"Basica superior"
"L0697",2,8,"Basica superior"
"L0698",2,8,"Basica superior"
"L0699",1,8,"Basica superior"
"L0700",3,8,"Basica superior"
"L0702",5,8,"Basica superior"
"L0703",1,8,"Basica superior"
"L0704",1,8,"Basica superior"
"L0705",2,8,"Basica superior"
"L0706",5,8,"Basica superior"
"L0707",5,8,"Basica superior"
"L0709",3,8,"Basica superior"
"L0710",2,8,"Basica superior"
"L0712",4,8,"Basica superior"
"L0713",5,8,"Basica superior"
"L0714",3,8,"Basica superior"
"L0715",3,11,"Media"
"L0716",2,8,"Basica superior"
"L0717",2,11,"Media"
"L0718",4,8,"Basica superior"
"L0719",4,12,"Media"
"L0720",3,8,"Basica superior"
"L0721",3,12,"Media"
