"metrica","nivel","ajuste","se"
"ari",1,7.70031118009193,0.53114437566745
"ari",1.25,7.68800133567611,0.522780647792121
"ari",1.5,7.67569148967642,0.514632858452129
"ari",1.75,7.66338164050898,0.506711421310268
"ari",2,7.6510717865899,0.499027102993348
"ari",2.25,7.63876192610167,0.491591003608806
"ari",2.5,7.6264520562922,0.484414533055144
"ari",2.75,7.61414217417574,0.477509374369574
"ari",3,7.60183227676656,0.470887439169925
"ari",3.25,7.58952236130026,0.464560816083804
"ari",3.5,7.57721242589784,0.458541711299341
"ari",3.75,7.56490246890164,0.452842370558739
"ari",4,7.55259248865399,0.447474993363272
"ari",4.25,7.54028248421008,0.442451640321484
"ari",4.5,7.52797245747651,0.437784133841073
"ari",4.75,7.51566241107273,0.433483946300009
"ari",5,7.50335234761818,0.429562083987378
"ari",5.25,7.49104227080334,0.42602896960052
"ari",5.5,7.47873218860284,0.42289432573946
"ari",5.75,7.46642211006232,0.420167051452292
"ari",6,7.45411204422744,0.417855103920497
"ari",6.25,7.44180200121946,0.415965389641579
"ari",6.5,7.42949199546204,0.414503667601202
"ari",6.75,7.41718204245445,0.413474460183098
"ari",7,7.40487215769596,0.412880982826889
"ari",7.25,7.39256235706412,0.412725095468243
"ari",7.5,7.38025265794957,0.413007277789072
"ari",7.75,7.36794307812122,0.413726619999133
"ari",8,7.355633635348,0.414880836507148
"ari",8.25,7.34332434631888,0.416466303554474
"ari",8.5,7.33101522340315,0.418478118988078
"ari",8.75,7.31870627789014,0.420910171389953
"ari",9,7.30639752106919,0.423755227399268
"ari",9.25,7.29408896164483,0.427005034747017
"ari",9.5,7.28178059798233,0.430650437184808
"ari",9.75,7.26947242586217,0.434681490163521
"ari",10,7.25716444106481,0.439087581722404
"ari",10.25,7.24485663656964,0.443857556110347
"ari",10.5,7.23254899415174,0.448979836562998
"ari",10.75,7.22024149278512,0.454442534822015
"ari",11,7.20793411144379,0.460233555457271
"ari",11.25,7.19562682848111,0.466340693490692
"ari",11.5,7.1833196197679,0.472751722029716
"ari",11.75,7.17101246055434,0.479454468591238
"ari",12,7.15870532609059,0.48643688371623
"rix",1,2.55960648364928,0.173914798902357
"rix",1.25,2.60560446291874,0.161360073904324
"rix",1.5,2.65151328332051,0.149870816701274
"rix",1.75,2.69724378598693,0.13962514543288
"rix",2,2.7427068120503,0.130699060456214
"rix",2.25,2.78780567278501,0.123057466513448
"rix",2.5,2.83241356003373,0.116597538001015
"rix",2.75,2.87639613578117,0.111163570247785
"rix",3,2.91961906201208,0.106561962590949
"rix",3.25,2.96194828314426,0.102610025781351
"rix",3.5,3.00325087332788,0.0992202603272732
"rix",3.75,3.04339418914621,0.0963419064124423
"rix",4,3.08224558718248,0.0939176564394661
"rix",4.25,3.11967911321919,0.0918787745944306
"rix",4.5,3.15559556983569,0.0901772512057489
"rix",4.75,3.18990244881056,0.0887436702759609
"rix",5,3.22250724192238,0.0874742460550828
"rix",5.25,3.25333061596728,0.0862656521356333
"rix",5.5,3.28234593781167,0.0851015137039076
"rix",5.75,3.3095397493395,0.0840055457462392
"rix",6,3.33489859243472,0.0830094156306202
"rix",6.25,3.35842768529745,0.0821561867939347
"rix",6.5,3.38020695139237,0.0815225423832102
"rix",6.75,3.40033499050033,0.0811508880719106
"rix",7,3.41891040240218,0.0810198727839944
"rix",7.25,3.43604878928232,0.0810606445381685
"rix",7.5,3.45193376293944,0.0812183799440596
"rix",7.75,3.4667659375758,0.0814434264723752
"rix",8,3.48074592739365,0.0816876649856454
"rix",8.25,3.49407769217211,0.0819298843096762
"rix",8.5,3.5069785739977,0.0822175858430376
"rix",8.75,3.51966926053384,0.0825999337627976
"rix",9,3.5323704394439,0.0830914479693405
"rix",9.25,3.54528609430445,0.0836728018837497
"rix",9.5,3.55855339234462,0.0843201970417177
"rix",9.75,3.57229279670672,0.084992479876298
"rix",10,3.58662477053303,0.0856423237352578
"rix",10.25,3.60164230806045,0.0862651379159096
"rix",10.5,3.61732852790418,0.0869826906787477
"rix",10.75,3.63363907977404,0.0879954349692343
"rix",11,3.65052961337982,0.0895440263156265
"rix",11.25,3.66794085216946,0.0918857343137948
"rix",11.5,3.68575381454339,0.0952498185118935
"rix",11.75,3.70383459264019,0.0997463210875981
"rix",12,3.72204927859841,0.105336837943623
"flesch_kincaid",1,13.4173886547485,0.420697405060215
"flesch_kincaid",1.25,13.4086663230752,0.414079085786662
"flesch_kincaid",1.5,13.3999439910257,0.407631632765503
"flesch_kincaid",1.75,13.3912216582237,0.401363279561746
"flesch_kincaid",2,13.382499324293,0.395282543309102
"flesch_kincaid",2.25,13.3737769888208,0.389398208168412
"flesch_kincaid",2.5,13.3650546512478,0.383719303977687
"flesch_kincaid",2.75,13.3563323109782,0.378255077351938
"flesch_kincaid",3,13.3476099674162,0.373014956229184
"flesch_kincaid",3.25,13.3388876200321,0.368008507791506
"flesch_kincaid",3.5,13.3301652685614,0.363245389293419
"flesch_kincaid",3.75,13.3214429128057,0.3587352887988
"flesch_kincaid",4,13.3127205525666,0.354487858718459
"flesch_kincaid",4.25,13.3039981878023,0.350512642561531
"flesch_kincaid",4.5,13.2952758190964,0.346818995307116
"flesch_kincaid",4.75,13.2865534471892,0.343415996386628
"flesch_kincaid",5,13.2778310728208,0.34031235829427
"flesch_kincaid",5.25,13.2691086969561,0.337516332596245
"flesch_kincaid",5.5,13.2603863214592,0.335035615237642
"flesch_kincaid",5.75,13.2516639484191,0.332877250453125
"flesch_kincaid",6,13.2429415799247,0.331047538118555
"flesch_kincaid",6.25,13.2342192183053,0.329551947398591
"flesch_kincaid",6.5,13.2254968668527,0.328395039064454
"flesch_kincaid",6.75,13.2167745290994,0.327580396981632
"flesch_kincaid",7,13.2080522085776,0.327110573211189
"flesch_kincaid",7.25,13.199329908924,0.326987048788669
"flesch_kincaid",7.5,13.1906076341934,0.327210211659405
"flesch_kincaid",7.75,13.1818853885447,0.327779350108389
"flesch_kincaid",8,13.173163176137,0.328692663809929
"flesch_kincaid",8.25,13.1644410008958,0.3299472925151
"flesch_kincaid",8.5,13.155718865812,0.331539361215071
"flesch_kincaid",8.75,13.146996773643,0.333464037316984
"flesch_kincaid",9,13.1382747271464,0.335715600878067
"flesch_kincaid",9.25,13.1295527284643,0.338287525691086
"flesch_kincaid",9.5,13.1208307772789,0.341172568527782
"flesch_kincaid",9.75,13.1121088726572,0.344362861840815
"flesch_kincaid",10,13.1033870136662,0.34785000945618
"flesch_kincaid",10.25,13.0946651986799,0.351625183037417
"flesch_kincaid",10.5,13.0859434233008,0.355679216974897
"flesch_kincaid",10.75,13.0772216824382,0.360002697185527
"flesch_kincaid",11,13.0684999710015,0.364586045030047
"flesch_kincaid",11.25,13.0597782837344,0.369419595219193
"flesch_kincaid",11.5,13.0510566147189,0.374493666322911
"flesch_kincaid",11.75,13.042334957871,0.379798623233001
"flesch_kincaid",12,13.0336133071068,0.385324932431853
"fernandez_huerta",1,73.299561728437,2.06675465149502
"fernandez_huerta",1.25,73.3818723235624,2.02148729657573
"fernandez_huerta",1.5,73.4641623437023,1.97883663823121
"fernandez_huerta",1.75,73.5464112138714,1.93894773825445
"fernandez_huerta",2,73.6285983590841,1.90187992428299
"fernandez_huerta",2.25,73.7107080256615,1.86762278048352
"fernandez_huerta",2.5,73.7927437451502,1.83613951066273
"fernandez_huerta",2.75,73.8747138704032,1.80736564579541
"fernandez_huerta",3,73.9566267542734,1.78121269140307
"fernandez_huerta",3.25,74.0384908618221,1.75759051232365
"fernandez_huerta",3.5,74.1203151069432,1.73644506330009
"fernandez_huerta",3.75,74.202108515739,1.71771913460098
"fernandez_huerta",4,74.2838801143116,1.70132952630187
"fernandez_huerta",4.25,74.3656275486238,1.6871673700446
"fernandez_huerta",4.5,74.447302944081,1.67511807161947
"fernandez_huerta",4.75,74.528847045949,1.66504174324285
"fernandez_huerta",5,74.6102005994937,1.65676942138248
"fernandez_huerta",5.25,74.6912860199738,1.65012326342429
"fernandez_huerta",5.5,74.7719524026184,1.64496176947791
"fernandez_huerta",5.75,74.8520305126493,1.64115717695772
"fernandez_huerta",6,74.9313511152885,1.63858155047539
"fernandez_huerta",6.25,75.0097327767847,1.63711215073933
"fernandez_huerta",6.5,75.0869452674952,1.63664946652205
"fernandez_huerta",6.75,75.1627461588037,1.63708629869217
"fernandez_huerta",7,75.2368930220944,1.63829559393764
"fernandez_huerta",7.25,75.3091491133526,1.64014173477772
"fernandez_huerta",7.5,75.3793004269682,1.64251666733357
"fernandez_huerta",7.75,75.4471386419327,1.64532888128937
"fernandez_huerta",8,75.5124554372373,1.64849825991599
"fernandez_huerta",8.25,75.5750675399732,1.65196947243965
"fernandez_huerta",8.5,75.6348918696309,1.65573922727282
"fernandez_huerta",8.75,75.6918703938006,1.65981885338511
"fernandez_huerta",9,75.7459450800728,1.66421522924697
"fernandez_huerta",9.25,75.7970919961905,1.66893360055443
"fernandez_huerta",9.5,75.8454236105088,1.67399796708116
"fernandez_huerta",9.75,75.8910864915351,1.67943764160532
"fernandez_huerta",10,75.9342272077772,1.68528833583229
"fernandez_huerta",10.25,75.975018185586,1.69161351629372
"fernandez_huerta",10.5,76.0137352826847,1.69854102302661
"fernandez_huerta",10.75,76.0506802146398,1.70623513990994
"fernandez_huerta",11,76.0861546970177,1.7148767105422
"fernandez_huerta",11.25,76.1204588567075,1.72465245694918
"fernandez_huerta",11.5,76.1538864658893,1.7357337376184
"fernandez_huerta",11.75,76.1867297080657,1.74823919933545
"fernandez_huerta",12,76.2192807667395,1.76221492592639
"szigriszt_pazos",1,69.0063413500595,2.15549313348145
"szigriszt_pazos",1.25,69.0959686472355,2.10615941955168
"szigriszt_pazos",1.5,69.1855684723798,2.05976765036298
"szigriszt_pazos",1.75,69.2751133534604,2.01648817139519
"szigriszt_pazos",2,69.3645758184456,1.97638968382699
"szigriszt_pazos",2.25,69.4539347090849,1.93945760740445
"szigriszt_pazos",2.5,69.5431941222527,1.90564509870579
"szigriszt_pazos",2.75,69.6323644686047,1.87487184905621
"szigriszt_pazos",3,69.7214561587967,1.84702853460945
"szigriszt_pazos",3.25,69.810480294606,1.8220033988237
"szigriszt_pazos",3.5,69.8994507422968,1.79972711814192
"szigriszt_pazos",3.75,69.9883820592547,1.78012697394187
"szigriszt_pazos",4,70.0772888028655,1.7630999764405
"szigriszt_pazos",4.25,70.1661716015397,1.7485132113173
"szigriszt_pazos",4.5,70.2549753677869,1.73622746272481
"szigriszt_pazos",4.75,70.3436310851417,1.72607469096544
"szigriszt_pazos",5,70.4320697371384,1.71785373591869
"szigriszt_pazos",5.25,70.520199510648,1.71135421696658
"szigriszt_pazos",5.5,70.6078374058875,1.70641008865573
"szigriszt_pazos",5.75,70.6947776264105,1.70287319450943
"szigriszt_pazos",6,70.7808143757706,1.70059671499184
"szigriszt_pazos",6.25,70.8657269806885,1.69944124272909
"szigriszt_pazos",6.5,70.9492352605544,1.69929573837128
"szigriszt_pazos",6.75,71.0310441579255,1.70004095086392
"szigriszt_pazos",7,71.1108586153591,1.70153483008932
"szigriszt_pazos",7.25,71.1883911814338,1.70362538872027
"szigriszt_pazos",7.5,71.2633848288132,1.70619252940127
"szigriszt_pazos",7.75,71.3355901361821,1.70913530909961
"szigriszt_pazos",8,71.4047576822253,1.71236583975032
"szigriszt_pazos",8.25,71.470669044362,1.715824577812
"szigriszt_pazos",8.5,71.5332297949493,1.71951135232897
"szigriszt_pazos",8.75,71.5923765050785,1.72344200065532
"szigriszt_pazos",9,71.6480457458409,1.72762609367322
"szigriszt_pazos",9.25,71.7002148861547,1.73206976926805
"szigriszt_pazos",9.5,71.7490244862449,1.73679861616613
"szigriszt_pazos",9.75,71.7946559041635,1.74184311223485
"szigriszt_pazos",10,71.8372904979623,1.74724049863025
"szigriszt_pazos",10.25,71.87713943915,1.7530600033894
"szigriszt_pazos",10.5,71.9145331530624,1.75944595906623
"szigriszt_pazos",10.75,71.9498318784923,1.76658635519186
"szigriszt_pazos",11,71.9833958542324,1.77469013534586
"szigriszt_pazos",11.25,72.0155825505639,1.78397498913397
"szigriszt_pazos",11.5,72.0467383637227,1.79464254135361
"szigriszt_pazos",11.75,72.0772069214329,1.80683418545513
"szigriszt_pazos",12,72.1073318514189,1.82060747360006
"perfil_mu",1,66.9876025029463,0.814887839005371
"perfil_mu",1.25,66.846966645843,0.789859438192282
"perfil_mu",1.5,66.7063307902012,0.765081834473767
"perfil_mu",1.75,66.5656949374823,0.74058019845607
"perfil_mu",2,66.4250590891478,0.716382839328569
"perfil_mu",2.25,66.284423246795,0.692521642200602
"perfil_mu",2.5,66.1437874125649,0.669032563868152
"perfil_mu",2.75,66.003151588734,0.645956187000457
"perfil_mu",3,65.862515777579,0.623338335159255
"perfil_mu",3.25,65.7218799813824,0.601230745930332
"perfil_mu",3.5,65.5812442024489,0.579691791834546
"perfil_mu",3.75,65.4406084430892,0.558787223238347
"perfil_mu",4,65.2999727056138,0.538590903303027
"perfil_mu",4.25,65.1593369922458,0.519185480493313
"perfil_mu",4.5,65.0187013048586,0.500662917275093
"perfil_mu",4.75,64.8780656452382,0.483124757268507
"perfil_mu",5,64.7374300151706,0.466681984443924
"perfil_mu",5.25,64.5967944162064,0.451454290350794
"perfil_mu",5.5,64.4561588489544,0.437568541804248
"perfil_mu",5.75,64.3155233137883,0.425156237793904
"perfil_mu",6,64.1748878110814,0.414349809555569
"perfil_mu",6.25,64.0342523407709,0.405277731286803
"perfil_mu",6.5,63.8936169010483,0.398058600807892
"perfil_mu",6.75,63.7529814896687,0.392794595113726
"perfil_mu",7,63.6123461043873,0.389564975310225
"perfil_mu",7.25,63.4717107424931,0.388420487865782
"perfil_mu",7.5,63.331075399411,0.389379519557928
"perfil_mu",7.75,63.1904400700998,0.392426650365063
"perfil_mu",8,63.0498047495184,0.397513867181037
"perfil_mu",8.25,62.9091694325193,0.4045642228345
"perfil_mu",8.5,62.7685341135306,0.413477316407612
"perfil_mu",8.75,62.627898786874,0.424135739676047
"perfil_mu",9,62.4872634468712,0.436411642853822
"perfil_mu",9.25,62.3466280883484,0.450172731422667
"perfil_mu",9.5,62.2059927081496,0.465287258687477
"perfil_mu",9.75,62.065357303623,0.481627829348929
"perfil_mu",10,61.924721872117,0.499074038320569
"perfil_mu",10.25,61.7840864118266,0.517514089286566
"perfil_mu",10.5,61.6434509243329,0.536845593646677
"perfil_mu",10.75,61.502815412064,0.556975752436627
"perfil_mu",11,61.3621798774477,0.577821115622572
"perfil_mu",11.25,61.2215443233372,0.599307071995542
"perfil_mu",11.5,61.0809087542871,0.621367185278451
"perfil_mu",11.75,60.9402731752773,0.643942458547215
"perfil_mu",12,60.7996375912876,0.666980587647894
"mattr_100",1,0.664284096855873,0.00498090718260205
"mattr_100",1.25,0.667911480217545,0.00434616059672038
"mattr_100",1.5,0.671483946354822,0.00377462181836479
"mattr_100",1.75,0.674946578043306,0.00329273268463956
"mattr_100",2,0.678244458058603,0.00292101289012729
"mattr_100",2.25,0.681327509821699,0.00266539790266354
"mattr_100",2.5,0.68416501933511,0.00251307595087015
"mattr_100",2.75,0.686731113246738,0.00243606213888901
"mattr_100",3,0.688999918204482,0.00239889175928207
"mattr_100",3.25,0.690953912842602,0.00236989855852891
"mattr_100",3.5,0.692608983740794,0.00233322333938264
"mattr_100",3.75,0.693989369465119,0.00228425313342801
"mattr_100",4,0.695119308581632,0.00222424294952897
"mattr_100",4.25,0.696025719635178,0.00215780837946732
"mattr_100",4.5,0.696746241085746,0.00209238805141027
"mattr_100",4.75,0.697321191372112,0.00203405738302234
"mattr_100",5,0.69779088893305,0.00198497048720124
"mattr_100",5.25,0.698191751086803,0.0019432789091159
"mattr_100",5.5,0.69854459066948,0.00190663646862092
"mattr_100",5.75,0.698866319396655,0.001873574596945
"mattr_100",6,0.699173848983903,0.00184326201209127
"mattr_100",6.25,0.699479741873277,0.00181601805326413
"mattr_100",6.5,0.699779163412737,0.00179442238511539
"mattr_100",6.75,0.700062929676722,0.00178098160111327
"mattr_100",7,0.70032185673967,0.00177622989421015
"mattr_100",7.25,0.700546973672452,0.00177831037809472
"mattr_100",7.5,0.700730161531667,0.00178434846889701
"mattr_100",7.75,0.700863514370347,0.00179110502731547
"mattr_100",8,0.700939126241524,0.00179534316466432
"mattr_100",8.25,0.700952253805895,0.00179510484992183
"mattr_100",8.5,0.700910804154816,0.00179184857786713
"mattr_100",8.75,0.70082584698731,0.00178835665465955
"mattr_100",9,0.700708452002397,0.0017871432906623
"mattr_100",9.25,0.700570695390437,0.00178980699582276
"mattr_100",9.5,0.700428679307146,0.00179679737018324
"mattr_100",9.75,0.700299512399576,0.00180660409463821
"mattr_100",10,0.700200303314781,0.00181601542487316
"mattr_100",10.25,0.700145499780808,0.00182159648037307
"mattr_100",10.5,0.700138905849673,0.00182245272511924
"mattr_100",10.75,0.700181664654386,0.00182008948156249
"mattr_100",11,0.700274919327958,0.00181807244528903
"mattr_100",11.25,0.700417470856152,0.00182210478882883
"mattr_100",11.5,0.700598751635747,0.00183928883943579
"mattr_100",11.75,0.700805851916276,0.00187512585219761
"mattr_100",12,0.701025861947273,0.00193174889167728
"mattr_50",1,0.767975331130437,0.00416512279967628
"mattr_50",1.25,0.770450952502212,0.00366378032779326
"mattr_50",1.5,0.772889259219266,0.00321471982518156
"mattr_50",1.75,0.775252936626878,0.00283734350847996
"mattr_50",2,0.777504670070326,0.00254524640630479
"mattr_50",2.25,0.779610469667519,0.00234037988784154
"mattr_50",2.5,0.781549644626872,0.00221168175255537
"mattr_50",2.75,0.783304828929433,0.00213831367138127
"mattr_50",3,0.784858656556246,0.00209479729069918
"mattr_50",3.25,0.786199429551395,0.00205855910926538
"mattr_50",3.5,0.787338122211111,0.00201866693670792
"mattr_50",3.75,0.788291376894665,0.00197214562240481
"mattr_50",4,0.789075835961325,0.00191997122680704
"mattr_50",4.25,0.789709837325024,0.00186527143599251
"mattr_50",4.5,0.790218501118339,0.00181311012416772
"mattr_50",4.75,0.790628643028512,0.00176723691702008
"mattr_50",5,0.790967078742781,0.00172823196981475
"mattr_50",5.25,0.791257844509234,0.00169382400644783
"mattr_50",5.5,0.791513858819346,0.00166218916004191
"mattr_50",5.75,0.791745260725436,0.00163256752222318
"mattr_50",6,0.791962189279828,0.00160480323689245
"mattr_50",6.25,0.792171904862184,0.00157968863589359
"mattr_50",6.5,0.792370153161534,0.00155986833882171
"mattr_50",6.75,0.792549801194254,0.00154762168128317
"mattr_50",7,0.792703715976716,0.00154324376822944
"mattr_50",7.25,0.792825207911849,0.00154482735232525
"mattr_50",7.5,0.792909360948814,0.0015496974484763
"mattr_50",7.75,0.792951702423322,0.00155500439964611
"mattr_50",8,0.79294775967109,0.00155802824520927
"mattr_50",8.25,0.79289545797641,0.0015572730158184
"mattr_50",8.5,0.792802314417888,0.00155425166801399
"mattr_50",8.75,0.792678244022708,0.00155155711800254
"mattr_50",9,0.792533161818054,0.00155141634388177
"mattr_50",9.25,0.792377572160829,0.00155509903709097
"mattr_50",9.5,0.792224336726807,0.00156273611952145
"mattr_50",9.75,0.792086906521481,0.00157270278333749
"mattr_50",10,0.791978732550343,0.00158192152334925
"mattr_50",10.25,0.791911063501179,0.00158725535072258
"mattr_50",10.5,0.791886338790944,0.00158806725799079
"mattr_50",10.75,0.791904795518887,0.00158597779045291
"mattr_50",11,0.791966670784257,0.00158450444814802
"mattr_50",11.25,0.792070343184898,0.00158910704286483
"mattr_50",11.5,0.792206757313046,0.00160648109348845
"mattr_50",11.75,0.792364999259532,0.00164172516788035
"mattr_50",12,0.792534155115186,0.00169669763822566
"mtld",1,70.1679078796478,2.47552457378573
"mtld",1.25,70.7985556576841,2.26550167851918
"mtld",1.5,71.4282041413358,2.07647827600271
"mtld",1.75,72.0558540362185,1.91268560890439
"mtld",2,72.6805060479476,1.77595745152261
"mtld",2.25,73.3011614188642,1.66524896234034
"mtld",2.5,73.9168235382122,1.57753958787328
"mtld",2.75,74.5264963319608,1.50838966174788
"mtld",3,75.1291837260795,1.45251277146579
"mtld",3.25,75.7238569532871,1.40511696444374
"mtld",3.5,76.3093564732994,1.36401160503798
"mtld",3.75,76.8844900525818,1.32827462265729
"mtld",4,77.4480654575997,1.29719402756078
"mtld",4.25,77.9986456213492,1.2700309271758
"mtld",4.5,78.53381414295,1.24653902454579
"mtld",4.75,79.0509097880528,1.22599565803921
"mtld",5,79.5472713223081,1.20685051102081
"mtld",5.25,80.020031374505,1.187374282773
"mtld",5.5,80.4654980259866,1.16744308849306
"mtld",5.75,80.8797732212345,1.14774744886754
"mtld",6,81.2589589047303,1.12916876055428
"mtld",6.25,81.5994420144238,1.11282438781045
"mtld",6.5,81.8987494621379,1.10046401142581
"mtld",6.75,82.1546931531638,1.09311516050533
"mtld",7,82.3650849927927,1.09042692919478
"mtld",7.25,82.5285292329941,1.09093110565741
"mtld",7.5,82.6467995124513,1.09326818744871
"mtld",7.75,82.7224618165258,1.09622123213468
"mtld",8,82.7580821305793,1.09871833745473
"mtld",8.25,82.7568945128285,1.1003562473838
"mtld",8.5,82.7248053129105,1.10222883792484
"mtld",8.75,82.6683889533177,1.10559380704628
"mtld",9,82.5942198565426,1.11106462548654
"mtld",9.25,82.508735652721,1.11846698280895
"mtld",9.5,82.4178268025633,1.12716634919569
"mtld",9.75,82.3272469744235,1.13587783539818
"mtld",10,82.2427498366557,1.14293130645539
"mtld",10.25,82.1692211835988,1.14722467968923
"mtld",10.5,82.1080753135318,1.14989202567347
"mtld",10.75,82.0598586507189,1.15369668014664
"mtld",11,82.0251176194241,1.16252091437962
"mtld",11.25,82.0037233208765,1.18109911996541
"mtld",11.5,81.9928455641655,1.21420974866874
"mtld",11.75,81.9889788353455,1.26470433072955
"mtld",12,81.9886176204711,1.33265337139276
"hdd",1,0.804705637703193,0.00406018183834887
"hdd",1.25,0.808469318531317,0.00350972406297163
"hdd",1.5,0.812162037603175,0.00301438053498827
"hdd",1.75,0.815712833162502,0.0025994283033217
"hdd",2,0.819050743453031,0.00228562760386681
"hdd",2.25,0.82211199653983,0.00207988014404993
"hdd",2.5,0.824861579773293,0.00196955013086161
"hdd",2.75,0.827271670325147,0.0019260466738733
"hdd",3,0.829314445367119,0.00191401535103236
"hdd",3.25,0.830973516482359,0.00190323755038799
"hdd",3.5,0.832278232899707,0.00187954368219649
"hdd",3.75,0.833269378259426,0.00183968901032581
"hdd",4,0.833987736201778,0.00178598821390875
"hdd",4.25,0.834476932310735,0.00172392306042692
"hdd",4.5,0.834791959945101,0.00166155441013865
"hdd",4.75,0.83499065440739,0.00160566718668573
"hdd",5,0.835130851000113,0.00155925794254913
"hdd",5.25,0.83526379005243,0.00152114030871785
"hdd",5.5,0.835414332000072,0.00148892071998218
"hdd",5.75,0.835600742305418,0.00146071768309794
"hdd",6,0.835841286430846,0.00143518631251614
"hdd",6.25,0.83614744717281,0.00141211785574448
"hdd",6.5,0.836503576664082,0.00139356656760131
"hdd",6.75,0.836887244371511,0.0013818103550757
"hdd",7,0.837276019761945,0.00137755511282602
"hdd",7.25,0.837647897281789,0.00137941881123498
"hdd",7.5,0.837982571295674,0.00138499578481727
"hdd",7.75,0.838260161147786,0.00139141273978651
"hdd",8,0.838460786182311,0.00139567908819673
"hdd",8.25,0.838569732361491,0.00139586120846971
"hdd",8.5,0.838592952119795,0.00139307364345529
"hdd",8.75,0.838541564509749,0.00138968391866467
"hdd",9,0.838426688583877,0.00138792647461864
"hdd",9.25,0.838261638471497,0.00138933592576437
"hdd",9.5,0.838068508609099,0.00139450953885306
"hdd",9.75,0.837871588509965,0.00140230634813589
"hdd",10,0.837695167687377,0.00141002738718555
"hdd",10.25,0.837560215983072,0.0014146763689662
"hdd",10.5,0.837474424552604,0.00141533971187021
"hdd",10.75,0.837442164879981,0.00141313679926451
"hdd",11,0.837467808449212,0.00141096414145201
"hdd",11.25,0.837552403383392,0.00141358967410353
"hdd",11.5,0.837683704361969,0.00142703198413355
"hdd",11.75,0.837846142703477,0.00145597148144192
"hdd",12,0.838024149726451,0.00150220473241082
"yule_k",1,141.69647367766,18.3384868252867
"yule_k",1.25,141.656879015796,18.3294940387488
"yule_k",1.5,141.617373452968,18.3211183732007
"yule_k",1.75,141.578046088214,18.3133574668328
"yule_k",2,141.53898602057,18.3061973922244
"yule_k",2.25,141.500261995641,18.2996160675912
"yule_k",2.5,141.461861345305,18.2935897856688
"yule_k",2.75,141.423751048006,18.2880930143976
"yule_k",3,141.385898082191,18.2830989563117
"yule_k",3.25,141.348253876393,18.278582405027
"yule_k",3.5,141.310707659504,18.2745242324884
"yule_k",3.75,141.273133110502,18.2709061329136
"yule_k",4,141.235403908367,18.2677078271657
"yule_k",4.25,141.19741407648,18.2649071887291
"yule_k",4.5,141.159139015824,18.2624826086963
"yule_k",4.75,141.120574471782,18.2604104823332
"yule_k",5,141.081716189738,18.2586646907551
"yule_k",5.25,141.042602101713,18.2572188536574
"yule_k",5.5,141.003438886282,18.2560513634578
"yule_k",5.75,140.964475408654,18.2551425574329
"yule_k",6,140.92596053404,18.2544730159088
"yule_k",6.25,140.888161864685,18.2540241226634
"yule_k",6.5,140.85142195098,18.2537801213031
"yule_k",6.75,140.81610208035,18.2537245583251
"yule_k",7,140.78256354022,18.2538388683612
"yule_k",7.25,140.751138258639,18.2541036993949
"yule_k",7.5,140.722040726158,18.2545032426127
"yule_k",7.75,140.695456073953,18.2550238852091
"yule_k",8,140.671569433199,18.2556535785201
"yule_k",8.25,140.650513554117,18.2563834977762
"yule_k",8.5,140.632211663115,18.2572115624316
"yule_k",8.75,140.616534605646,18.2581379335089
"yule_k",9,140.603353227162,18.2591627265871
"yule_k",9.25,140.592509687895,18.2602864422573
"yule_k",9.5,140.583731407187,18.2615126536524
"yule_k",9.75,140.576717119155,18.2628461418975
"yule_k",10,140.571165557921,18.2642928934837
"yule_k",10.25,140.566787716845,18.2658626363189
"yule_k",10.5,140.563343626257,18.2675732649852
"yule_k",10.75,140.56060557573,18.2694474301196
"yule_k",11,140.558345854837,18.2715101781443
"yule_k",11.25,140.556364262421,18.2737876776719
"yule_k",11.5,140.55457063441,18.2763045452217
"yule_k",11.75,140.552902316003,18.2790794367732
"yule_k",12,140.551296652396,18.2821225142933
"entropia_shannon",1,7.11348413645771,0.126324230922095
"entropia_shannon",1.25,7.21502598961348,0.111540692291349
"entropia_shannon",1.5,7.31609273107759,0.0988614816943138
"entropia_shannon",1.75,7.41620924915838,0.0888897344720619
"entropia_shannon",2,7.51490043216418,0.0818782734362174
"entropia_shannon",2.25,7.61171430964592,0.0775545056203112
"entropia_shannon",2.5,7.70629147612491,0.0752497182180438
"entropia_shannon",2.75,7.79829566736501,0.0741173590948508
"entropia_shannon",3,7.88739061913011,0.0733308649887044
"entropia_shannon",3.25,7.97328888492777,0.0722906644808575
"entropia_shannon",3.5,8.05589828924013,0.0708498246610528
"entropia_shannon",3.75,8.13517547429305,0.0690862634769965
"entropia_shannon",4,8.21107708231233,0.0671434210027392
"entropia_shannon",4.25,8.2835659978242,0.0651730856982759
"entropia_shannon",4.5,8.35263007455645,0.0633462937374581
"entropia_shannon",4.75,8.41826340853729,0.0617365495209273
"entropia_shannon",5,8.4804600957949,0.0602688494190998
"entropia_shannon",5.25,8.53918776536836,0.0587770424505489
"entropia_shannon",5.5,8.59430817834025,0.0572021093073621
"entropia_shannon",5.75,8.64565662880403,0.0555653837032059
"entropia_shannon",6,8.69306841085318,0.0539241874491075
"entropia_shannon",6.25,8.73638416718818,0.0523869620137954
"entropia_shannon",6.5,8.77546593493759,0.0511613372265836
"entropia_shannon",6.75,8.81018109983698,0.0504025019908408
"entropia_shannon",7,8.84039704762194,0.0501175346085104
"entropia_shannon",7.25,8.86604491725458,0.0501682981624972
"entropia_shannon",7.5,8.88731086060323,0.050388489265701
"entropia_shannon",7.75,8.90444478276273,0.0506150809232642
"entropia_shannon",8,8.91769658882797,0.0507037414414503
"entropia_shannon",8.25,8.92738128777932,0.0505921344957982
"entropia_shannon",8.5,8.93407430413939,0.0503986405084085
"entropia_shannon",8.75,8.93841616631629,0.0502908929606843
"entropia_shannon",9,8.94104740271814,0.0503935295972321
"entropia_shannon",9.25,8.94259715339479,0.0507530290718228
"entropia_shannon",9.5,8.94364900496302,0.0513377093626712
"entropia_shannon",9.75,8.94477515568134,0.0520121952917502
"entropia_shannon",10,8.94654780380825,0.0525669962165699
"entropia_shannon",10.25,8.9494520045099,0.0528131752898384
"entropia_shannon",10.5,8.953624240583,0.0527468748639713
"entropia_shannon",10.75,8.9591138517319,0.0525158792356905
"entropia_shannon",11,8.96597017766094,0.0523919457202888
"entropia_shannon",11.25,8.97417533252024,0.0527694274160661
"entropia_shannon",11.5,8.98344252824291,0.0541017767284064
"entropia_shannon",11.75,8.99341775120782,0.0566860898352897
"entropia_shannon",12,9.00374698779386,0.0605519763906297
"hapax_ratio",1,0.680255153499138,0.0105330801276756
"hapax_ratio",1.25,0.677725047888138,0.0096533018481685
"hapax_ratio",1.5,0.67519026304775,0.0088687782592157
"hapax_ratio",1.75,0.672646119748585,0.00819716788954875
"hapax_ratio",2,0.670087938761253,0.00764494778574951
"hapax_ratio",2.25,0.667511623368716,0.00720559921335067
"hapax_ratio",2.5,0.664915406903331,0.00686418438899382
"hapax_ratio",2.75,0.662298105209807,0.00660001590848193
"hapax_ratio",3,0.659658534132852,0.00638943829842558
"hapax_ratio",3.25,0.656996901144819,0.00621180541410525
"hapax_ratio",3.5,0.654318980228635,0.00605824117343826
"hapax_ratio",3.75,0.651631936994876,0.00592503018591118
"hapax_ratio",4,0.648942937054115,0.00580884362567595
"hapax_ratio",4.25,0.646260897448693,0.00570588929370135
"hapax_ratio",4.5,0.643601740948027,0.00561452223019837
"hapax_ratio",4.75,0.640983141753302,0.00553091823133725
"hapax_ratio",5,0.638422774065703,0.00544772552122568
"hapax_ratio",5.25,0.635938961659067,0.00535733989715277
"hapax_ratio",5.5,0.633552626597843,0.00526026443597628
"hapax_ratio",5.75,0.631285340519131,0.00516078190436688
"hapax_ratio",6,0.629158675060031,0.00506395044329455
"hapax_ratio",6.25,0.627192268846478,0.00497596928327057
"hapax_ratio",6.5,0.62539802845974,0.0049062378526505
"hapax_ratio",6.75,0.623785927469918,0.00486050623206427
"hapax_ratio",7,0.622365939447115,0.0048376794034256
"hapax_ratio",7.25,0.621144139220285,0.00483130245368397
"hapax_ratio",7.5,0.620111006653793,0.004835839524103
"hapax_ratio",7.75,0.619253122870859,0.00484613148595771
"hapax_ratio",8,0.6185570689947,0.00485721588449356
"hapax_ratio",8.25,0.618006574925259,0.00486701885063134
"hapax_ratio",8.5,0.617573965669362,0.00488060933515235
"hapax_ratio",8.75,0.617228715010558,0.00490319984510086
"hapax_ratio",9,0.616940296732399,0.00493626796413808
"hapax_ratio",9.25,0.6166791403493,0.00497745435851922
"hapax_ratio",9.5,0.616419498299151,0.00502330550984549
"hapax_ratio",9.75,0.616136578750707,0.00506807189676508
"hapax_ratio",10,0.615805589872725,0.00510497952950351
"hapax_ratio",10.25,0.615405867975745,0.0051313219709189
"hapax_ratio",10.5,0.614933261937445,0.00515730391558892
"hapax_ratio",10.75,0.614387748777287,0.00520162412691209
"hapax_ratio",11,0.613769305514733,0.00528782740035488
"hapax_ratio",11.25,0.613080952711125,0.00544181454457702
"hapax_ratio",11.5,0.612337885095317,0.00568668126542754
"hapax_ratio",11.75,0.611558340938042,0.00603249279787254
"hapax_ratio",12,0.610760558510033,0.00647356784361723
"maas",1,0.0414707812923608,0.00130080587122685
"maas",1.25,0.0414279424422704,0.00128647381464288
"maas",1.5,0.0413851837493907,0.00127331737639554
"maas",1.75,0.0413425853709326,0.0012613627890808
"maas",2,0.0413002274641068,0.00125059542315919
"maas",2.25,0.0412581887887221,0.00124096902186654
"maas",2.5,0.0412165425149784,0.00123242601938174
"maas",2.75,0.0411753604156737,0.00122489882552723
"maas",3,0.0411347142636061,0.00121831246034938
"maas",3.25,0.0410946712425119,0.001212594234196
"maas",3.5,0.041055280179882,0.00120768909190084
"maas",3.75,0.0410165853141459,0.00120354491349863
"maas",4,0.0409786308837331,0.0012001037334251
"maas",4.25,0.0409414611761213,0.00119730173451108
"maas",4.5,0.0409051206749813,0.00119507675525326
"maas",4.75,0.0408696539130321,0.00119336183551233
"maas",5,0.0408351054229927,0.00119208372577364
"maas",5.25,0.0408015246509401,0.00119117004823009
"maas",5.5,0.0407689806963823,0.00119056605780731
"maas",5.75,0.0407375475721852,0.00119022635879141
"maas",6,0.0407072992912146,0.0011901091071007
"maas",6.25,0.0406783134937595,0.0011901772028782
"maas",6.5,0.0406506823298009,0.00119040420181964
"maas",6.75,0.0406245015767427,0.00119076260021189
"maas",7,0.0405998670119891,0.00119121872544963
"maas",7.25,0.0405768702278367,0.00119173590878302
"maas",7.5,0.0405555860761531,0.00119228640947348
"maas",7.75,0.0405360852236987,0.00119284805394549
"maas",8,0.0405184383372338,0.0011934023622861
"maas",8.25,0.0405027028167419,0.00119393862510869
"maas",8.5,0.0404888829951001,0.00119446199992032
"maas",8.75,0.0404769699384086,0.00119498107256289
"maas",9,0.0404669547127678,0.00119550104799013
"maas",9.25,0.0404588111184676,0.00119602363248546
"maas",9.5,0.0404524438925561,0.00119655201208154
"maas",9.75,0.0404477405062713,0.00119708832194991
"maas",10,0.0404445884308511,0.00119763516521834
"maas",10.25,0.0404428626827882,0.00119820353931585
"maas",10.5,0.0404423884595961,0.00119882621166846
"maas",10.75,0.0404429785040432,0.00119955060108178
"maas",11,0.0404444455588977,0.00120043310416478
"maas",11.25,0.040446604836751,0.00120153613774067
"maas",11.5,0.0404492814294862,0.00120292093987649
"maas",11.75,0.0404523028988094,0.00120463376090225
"maas",12,0.0404554968064266,0.00120669813982968
"long_oracion_media",1,13.2117428557462,0.6124275813017
"long_oracion_media",1.25,13.3138502283722,0.580196819723004
"long_oracion_media",1.5,13.4158527603075,0.549784337867506
"long_oracion_media",1.75,13.5176456108614,0.521421799652385
"long_oracion_media",2,13.6191239393433,0.495223705178406
"long_oracion_media",2.25,13.7201720423177,0.471193347304134
"long_oracion_media",2.5,13.8206307653701,0.449280419279464
"long_oracion_media",2.75,13.9203300913414,0.429387867617991
"long_oracion_media",3,14.0191000030724,0.411379556366928
"long_oracion_media",3.25,14.1167684461922,0.395124445792162
"long_oracion_media",3.5,14.2131552174834,0.380580220410622
"long_oracion_media",3.75,14.3080780765166,0.367722060347348
"long_oracion_media",4,14.4013547828627,0.356492470624673
"long_oracion_media",4.25,14.4928098183893,0.34679692012201
"long_oracion_media",4.5,14.5822945541511,0.338545866162325
"long_oracion_media",4.75,14.6696670834998,0.331605459596348
"long_oracion_media",5,14.754785499787,0.325784209861098
"long_oracion_media",5.25,14.837524464242,0.320880118315215
"long_oracion_media",5.5,14.9178249096047,0.316792587266391
"long_oracion_media",5.75,14.995644336493,0.313463222753589
"long_oracion_media",6,15.0709402455245,0.310838590549532
"long_oracion_media",6.25,15.1436952463468,0.308880701713848
"long_oracion_media",6.5,15.2139923847273,0.307605004620291
"long_oracion_media",6.75,15.2819398154632,0.306994003624627
"long_oracion_media",7,15.3476456933517,0.306963647259281
"long_oracion_media",7.25,15.4112420126692,0.30738972609804
"long_oracion_media",7.5,15.4729561256088,0.308191258438124
"long_oracion_media",7.75,15.5330392238426,0.309304286076844
"long_oracion_media",8,15.591742499043,0.31067225457453
"long_oracion_media",8.25,15.6493237193187,0.31227969061122
"long_oracion_media",8.5,15.7060669585258,0.314212022554466
"long_oracion_media",8.75,15.762262866957,0.316564444432413
"long_oracion_media",9,15.8182020949047,0.319397244744915
"long_oracion_media",9.25,15.8741558593478,0.322744598774347
"long_oracion_media",9.5,15.9303176440088,0.326664710784208
"long_oracion_media",9.75,15.9868614992966,0.331209049966618
"long_oracion_media",10,16.0439614756199,0.336427709380305
"long_oracion_media",10.25,16.1017573971157,0.342424882635006
"long_oracion_media",10.5,16.1602521828349,0.349450440061983
"long_oracion_media",10.75,16.2194145255568,0.35781460049413
"long_oracion_media",11,16.2792131180606,0.367828345952458
"long_oracion_media",11.25,16.3395966650558,0.379774766231051
"long_oracion_media",11.5,16.4004339189719,0.393869467750925
"long_oracion_media",11.75,16.4615736441685,0.410173308248061
"long_oracion_media",12,16.5228646050055,0.428569852039882
"dist_dependencia_media",1,2.46729764670305,0.0230748477789805
"dist_dependencia_media",1.25,2.47159646603537,0.0221275466998061
"dist_dependencia_media",1.5,2.47589365135366,0.0212203257306954
"dist_dependencia_media",1.75,2.48018756864385,0.0203573860675237
"dist_dependencia_media",2,2.48447658389192,0.0195410748325539
"dist_dependencia_media",2.25,2.48875908244795,0.0187721175620794
"dist_dependencia_media",2.5,2.49303352711849,0.0180506176937904
"dist_dependencia_media",2.75,2.49729840007425,0.0173760946207081
"dist_dependencia_media",3,2.50155218348592,0.0167475732117239
"dist_dependencia_media",3.25,2.50579342126973,0.0161642195968914
"dist_dependencia_media",3.5,2.51002090432418,0.015626531458186
"dist_dependencia_media",3.75,2.51423348529331,0.015135196977655
"dist_dependencia_media",4,2.51843001682115,0.0146903206658868
"dist_dependencia_media",4.25,2.52260927025098,0.0142913372611187
"dist_dependencia_media",4.5,2.52676969172304,0.0139376036851325
"dist_dependencia_media",4.75,2.53090964607677,0.0136276197367267
"dist_dependencia_media",5,2.53502749815164,0.0133587872880137
"dist_dependencia_media",5.25,2.53912147170639,0.0131280760484028
"dist_dependencia_media",5.5,2.54318922617683,0.0129336855728383
"dist_dependencia_media",5.75,2.54722827991805,0.0127741822183884
"dist_dependencia_media",6,2.55123615128515,0.0126479708927629
"dist_dependencia_media",6.25,2.5552104101526,0.012553504299111
"dist_dependencia_media",6.5,2.55914883247243,0.0124899579446917
"dist_dependencia_media",6.75,2.56304924571603,0.0124559636613021
"dist_dependencia_media",7,2.56690947735482,0.0124491340312338
"dist_dependencia_media",7.25,2.57072770225243,0.0124665288488945
"dist_dependencia_media",7.5,2.57450348484146,0.012506042868071
"dist_dependencia_media",7.75,2.57823673694674,0.0125659534203996
"dist_dependencia_media",8,2.58192737039308,0.0126447575955937
"dist_dependencia_media",8.25,2.58557573387311,0.0127417188670227
"dist_dependencia_media",8.5,2.58918392355057,0.0128578619019897
"dist_dependencia_media",8.75,2.59275447245699,0.0129944859944084
"dist_dependencia_media",9,2.59628991362391,0.0131524523094429
"dist_dependencia_media",9.25,2.59979298779354,0.0133323368403307
"dist_dependencia_media",9.5,2.60326726655078,0.0135352296556386
"dist_dependencia_media",9.75,2.60671652919123,0.0137621506209964
"dist_dependencia_media",10,2.61014455501048,0.0140140649119006
"dist_dependencia_media",10.25,2.6135549972885,0.014292664625288
"dist_dependencia_media",10.5,2.61695100524277,0.0146016629897512
"dist_dependencia_media",10.75,2.62033560207517,0.0149454961640761
"dist_dependencia_media",11,2.62371181098758,0.0153284786677301
"dist_dependencia_media",11.25,2.62708237484481,0.015754441210384
"dist_dependencia_media",11.5,2.63044891516343,0.0162262095038166
"dist_dependencia_media",11.75,2.633812773123,0.0167443901568761
"dist_dependencia_media",12,2.63717528990304,0.0173069801981197
"profundidad_arbol_media",1,4.42641487277682,0.106783969453329
"profundidad_arbol_media",1.25,4.45004958640775,0.0989932097113197
"profundidad_arbol_media",1.5,4.47363094361954,0.0918831654436864
"profundidad_arbol_media",1.75,4.49710558799304,0.0855676145485814
"profundidad_arbol_media",2,4.5204201631091,0.0800938800883677
"profundidad_arbol_media",2.25,4.54351489291052,0.0754367250492619
"profundidad_arbol_media",2.5,4.56630432278779,0.0715264688593425
"profundidad_arbol_media",2.75,4.58869657849335,0.068259143821706
"profundidad_arbol_media",3,4.61059978577965,0.0655068521433907
"profundidad_arbol_media",3.25,4.63192138859463,0.0631498641075634
"profundidad_arbol_media",3.5,4.65256610366836,0.0611310061342667
"profundidad_arbol_media",3.75,4.6724379659264,0.0594174438592785
"profundidad_arbol_media",4,4.69144101029433,0.0579726503382179
"profundidad_arbol_media",4.25,4.70948568871972,0.0567532793118937
"profundidad_arbol_media",4.5,4.72650812123816,0.0557297589363019
"profundidad_arbol_media",4.75,4.74245084490725,0.0548589627455242
"profundidad_arbol_media",5,4.75725639678456,0.0540758883531772
"profundidad_arbol_media",5.25,4.77087944164022,0.0533161431879938
"profundidad_arbol_media",5.5,4.78332315509451,0.0525716372317199
"profundidad_arbol_media",5.75,4.79460284048023,0.0518600477936061
"profundidad_arbol_media",6,4.8047338011302,0.0512040981276958
"profundidad_arbol_media",6.25,4.8137446713316,0.0506339104815508
"profundidad_arbol_media",6.5,4.82171740918918,0.0502014291624625
"profundidad_arbol_media",6.75,4.82874730376206,0.0499361297964514
"profundidad_arbol_media",7,4.83492964410937,0.0498257488060783
"profundidad_arbol_media",7.25,4.84036776112688,0.0498268724240216
"profundidad_arbol_media",7.5,4.84519715305691,0.0499050732849539
"profundidad_arbol_media",7.75,4.84956135997846,0.050028835347739
"profundidad_arbol_media",8,4.85360392197049,0.050167187461187
"profundidad_arbol_media",8.25,4.85746588471823,0.0503064318805803
"profundidad_arbol_media",8.5,4.86127831633185,0.0504776320816457
"profundidad_arbol_media",8.75,4.86516979052777,0.0507126093139441
"profundidad_arbol_media",9,4.8692688810224,0.0510202965045194
"profundidad_arbol_media",9.25,4.87369118061951,0.0513876293160686
"profundidad_arbol_media",9.5,4.8785003584723,0.0517994170106647
"profundidad_arbol_media",9.75,4.88374710282132,0.0522296122609573
"profundidad_arbol_media",10,4.88948210190714,0.052648561663999
"profundidad_arbol_media",10.25,4.89573987240706,0.0530551905812666
"profundidad_arbol_media",10.5,4.90249024474553,0.0535319321892939
"profundidad_arbol_media",10.75,4.90968687778374,0.0542123834609201
"profundidad_arbol_media",11,4.91728343038288,0.0552551831922088
"profundidad_arbol_media",11.25,4.92522655249302,0.0568276891432233
"profundidad_arbol_media",11.5,4.93343485841976,0.0590762359496058
"profundidad_arbol_media",11.75,4.94181995355757,0.062066663918859
"profundidad_arbol_media",12,4.95029344330091,0.0657669890935721
"subordinadas_por_oracion",1,0.842189321637048,0.0676215257135282
"subordinadas_por_oracion",1.25,0.860514892349099,0.0620107916193334
"subordinadas_por_oracion",1.5,0.878754832912458,0.0569759318100912
"subordinadas_por_oracion",1.75,0.896823513178432,0.0526261086394205
"subordinadas_por_oracion",2,0.914635302998329,0.0490046737602744
"subordinadas_por_oracion",2.25,0.932103536140428,0.0460780363309583
"subordinadas_por_oracion",2.5,0.94913740204089,0.0437619252790098
"subordinadas_por_oracion",2.75,0.965645054052851,0.0419362293243969
"subordinadas_por_oracion",3,0.981534645529442,0.0404603822809752
"subordinadas_por_oracion",3.25,0.996720710580621,0.0392089081284977
"subordinadas_por_oracion",3.5,1.01114330634363,0.0381259737498285
"subordinadas_por_oracion",3.75,1.02474887071254,0.0371874461807674
"subordinadas_por_oracion",4,1.03748384158142,0.0363723752375848
"subordinadas_por_oracion",4.25,1.04930188136779,0.0356575662492949
"subordinadas_por_oracion",4.5,1.06018555058305,0.0350331006537469
"subordinadas_por_oracion",4.75,1.07012463426204,0.0344761141382699
"subordinadas_por_oracion",5,1.07910891743962,0.0339420425920053
"subordinadas_por_oracion",5.25,1.08713474917253,0.0333836294571676
"subordinadas_por_oracion",5.5,1.09422473460504,0.0328008732553291
"subordinadas_por_oracion",5.75,1.10040804290329,0.0322164913761189
"subordinadas_por_oracion",6,1.10571384323345,0.0316580483005155
"subordinadas_por_oracion",6.25,1.11017912150794,0.0311596615107912
"subordinadas_por_oracion",6.5,1.11387213062427,0.0307737929545041
"subordinadas_por_oracion",6.75,1.11686894022621,0.0305317475494476
"subordinadas_por_oracion",7,1.11924561995756,0.0304250610234356
"subordinadas_por_oracion",7.25,1.12108583622405,0.0304137910880914
"subordinadas_por_oracion",7.5,1.12250364247929,0.0304626341934929
"subordinadas_por_oracion",7.75,1.12362068893885,0.030539445459298
"subordinadas_por_oracion",8,1.12455862581831,0.0306145706095838
"subordinadas_por_oracion",8.25,1.12543957892537,0.0306761399986261
"subordinadas_por_oracion",8.5,1.12638757643627,0.0307543140611643
"subordinadas_por_oracion",8.75,1.12752712211941,0.0308816257327322
"subordinadas_por_oracion",9,1.12898271974317,0.0310701618794673
"subordinadas_por_oracion",9.25,1.13086711295586,0.0313094583950747
"subordinadas_por_oracion",9.5,1.13324600492556,0.0315796712578215
"subordinadas_por_oracion",9.75,1.13617333870024,0.0318454102122533
"subordinadas_por_oracion",10,1.13970305732791,0.0320632478616738
"subordinadas_por_oracion",10.25,1.14387076808482,0.0322102894462206
"subordinadas_por_oracion",10.5,1.1486387351604,0.032333936557
"subordinadas_por_oracion",10.75,1.15395088697234,0.0325299855736252
"subordinadas_por_oracion",11,1.15975115193832,0.0329245744430229
"subordinadas_por_oracion",11.25,1.16597480200761,0.0336630715670806
"subordinadas_por_oracion",11.5,1.17252248325569,0.0348832504473836
"subordinadas_por_oracion",11.75,1.17928618528965,0.0366568132527013
"subordinadas_por_oracion",12,1.18615789771654,0.0389686424457589
"razon_sust_verbo",1,1.46122449872973,0.0669706608202622
"razon_sust_verbo",1.25,1.46135308063187,0.0669023626523331
"razon_sust_verbo",1.5,1.46148166335701,0.0668368094117059
"razon_sust_verbo",1.75,1.46161024772814,0.066774009105805
"razon_sust_verbo",2,1.46173883456825,0.0667139691586673
"razon_sust_verbo",2.25,1.4618674245518,0.0666566964874456
"razon_sust_verbo",2.5,1.46199601775908,0.0666021976540054
"razon_sust_verbo",2.75,1.46212461412186,0.0665504788532824
"razon_sust_verbo",3,1.46225321357188,0.0665015459217528
"razon_sust_verbo",3.25,1.46238181589184,0.0664554044027895
"razon_sust_verbo",3.5,1.46251042026816,0.0664120596520608
"razon_sust_verbo",3.75,1.46263902573819,0.0663715167024121
"razon_sust_verbo",4,1.46276763133928,0.0663337801923882
"razon_sust_verbo",4.25,1.46289623620492,0.0662988543677009
"razon_sust_verbo",4.5,1.4630248398531,0.066266743137117
"razon_sust_verbo",4.75,1.46315344189792,0.0662374500030365
"razon_sust_verbo",5,1.46328204195349,0.0662109780457301
"razon_sust_verbo",5.25,1.46341063988193,0.0661873299767883
"razon_sust_verbo",5.5,1.46353923653729,0.066166508258972
"razon_sust_verbo",5.75,1.46366783302164,0.0661485150325936
"razon_sust_verbo",6,1.46379643043702,0.0661333520733333
"razon_sust_verbo",6.25,1.46392502996177,0.0661210208062968
"razon_sust_verbo",6.5,1.46405363307937,0.0661115223563298
"razon_sust_verbo",6.75,1.46418224134958,0.0661048574612324
"razon_sust_verbo",7,1.46431085633214,0.0661010264386722
"razon_sust_verbo",7.25,1.46443947934836,0.0661000292217498
"razon_sust_verbo",7.5,1.4645681107657,0.0661018654708596
"razon_sust_verbo",7.75,1.46469675071315,0.0661065345395631
"razon_sust_verbo",8,1.46482539931972,0.0661140354600701
"razon_sust_verbo",8.25,1.4649540564047,0.0661243669893175
"razon_sust_verbo",8.5,1.46508272054853,0.0661375277073532
"razon_sust_verbo",8.75,1.46521139002192,0.0661535159015325
"razon_sust_verbo",9,1.4653400630956,0.0661723295098408
"razon_sust_verbo",9.25,1.46546873801838,0.0661939661379234
"razon_sust_verbo",9.5,1.46559741295143,0.066218423138889
"razon_sust_verbo",9.75,1.46572608603402,0.066245697555887
"razon_sust_verbo",10,1.46585475540541,0.0662757861178916
"razon_sust_verbo",10.25,1.46598341950636,0.0663086853042122
"razon_sust_verbo",10.5,1.46611207798361,0.0663443914579213
"razon_sust_verbo",10.75,1.46624073078538,0.0663829006905525
"razon_sust_verbo",11,1.4663693778599,0.0664242088201475
"razon_sust_verbo",11.25,1.46649801940482,0.0664683113393397
"razon_sust_verbo",11.5,1.46662665661548,0.0665152033496589
"razon_sust_verbo",11.75,1.46675529093663,0.0665648794561427
"razon_sust_verbo",12,1.46688392381302,0.066617333708364
"nominalizaciones_x1000",1,7.09058745203166,0.791507236417322
"nominalizaciones_x1000",1.25,7.2800110308357,0.736239892410085
"nominalizaciones_x1000",1.5,7.46878301508678,0.685037280686767
"nominalizaciones_x1000",1.75,7.65625181023197,0.638641271704319
"nominalizaciones_x1000",2,7.84176582171831,0.597444024750048
"nominalizaciones_x1000",2.25,8.0246861239883,0.561452243815866
"nominalizaciones_x1000",2.5,8.20442446746624,0.530427109484944
"nominalizaciones_x1000",2.75,8.38040527157189,0.50392679220368
"nominalizaciones_x1000",3,8.55205295572498,0.481342694045493
"nominalizaciones_x1000",3.25,8.71885040032359,0.462054646076241
"nominalizaciones_x1000",3.5,8.88051432967912,0.445728856459103
"nominalizaciones_x1000",3.75,9.03681992908125,0.432145504012587
"nominalizaciones_x1000",4,9.1875423838197,0.421054077128109
"nominalizaciones_x1000",4.25,9.33249957812556,0.412151182357658
"nominalizaciones_x1000",4.5,9.47168019199549,0.405185348670424
"nominalizaciones_x1000",4.75,9.60511560436752,0.399829764410176
"nominalizaciones_x1000",5,9.7328371941797,0.395639390168463
"nominalizaciones_x1000",5.25,9.85488125381529,0.392160202244969
"nominalizaciones_x1000",5.5,9.97130372943855,0.389207811469052
"nominalizaciones_x1000",5.75,10.0821654806589,0.386739232287232
"nominalizaciones_x1000",6,10.1875273670859,0.384751989295184
"nominalizaciones_x1000",6.25,10.2874351549696,0.383288306219788
"nominalizaciones_x1000",6.5,10.3818742371224,0.382497749384255
"nominalizaciones_x1000",6.75,10.4708149129974,0.382443865583313
"nominalizaciones_x1000",7,10.5542274820478,0.383017298207733
"nominalizaciones_x1000",7.25,10.6320781281529,0.383976520985516
"nominalizaciones_x1000",7.5,10.7043165728978,0.385118875804323
"nominalizaciones_x1000",7.75,10.7708884222938,0.386274955744143
"nominalizaciones_x1000",8,10.8317392823521,0.387301494269236
"nominalizaciones_x1000",8.25,10.8868372471299,0.388149234859616
"nominalizaciones_x1000",8.5,10.9362403628669,0.388974761608864
"nominalizaciones_x1000",8.75,10.9800291638487,0.389957951488547
"nominalizaciones_x1000",9,11.0182841843607,0.391192129960194
"nominalizaciones_x1000",9.25,11.0511265473315,0.392665451706807
"nominalizaciones_x1000",9.5,11.078839730262,0.394306780306602
"nominalizaciones_x1000",9.75,11.1017477992962,0.395962030164315
"nominalizaciones_x1000",10,11.1201748205781,0.397430141107881
"nominalizaciones_x1000",10.25,11.1344793597605,0.398595568149376
"nominalizaciones_x1000",10.5,11.1451579805314,0.399658412106062
"nominalizaciones_x1000",10.75,11.1527417460876,0.401048679297832
"nominalizaciones_x1000",11,11.1577617196262,0.403351793986841
"nominalizaciones_x1000",11.25,11.1607451508453,0.407273362971514
"nominalizaciones_x1000",11.5,11.1622040354488,0.413537815418535
"nominalizaciones_x1000",11.75,11.1626465556418,0.42263562479289
"nominalizaciones_x1000",12,11.1625808936297,0.434697226601749
"polaridad_media",1,0.0085186469214093,0.00228746206625362
"polaridad_media",1.25,0.00848063421690703,0.00223462451978736
"polaridad_media",1.5,0.00844262151232584,0.00218275573524404
"polaridad_media",1.75,0.0084046088075868,0.00213192640982515
"polaridad_media",2,0.00836659610261099,0.00208221262362712
"polaridad_media",2.25,0.00832858339994144,0.00203369611786886
"polaridad_media",2.5,0.00829057071260901,0.00198646454474293
"polaridad_media",2.75,0.00825255805626652,0.00194061164500408
"polaridad_media",3,0.00821454544656678,0.0018962373484656
"polaridad_media",3.25,0.00817653290193115,0.00185344777663021
"polaridad_media",3.5,0.00813852045185517,0.00181235511625401
"polaridad_media",3.75,0.00810050812860293,0.00177307729363847
"polaridad_media",4,0.00806249596443853,0.00173573744971095
"polaridad_media",4.25,0.00802448399227816,0.0017004631821278
"polaridad_media",4.5,0.00798647224764639,0.00166738551916706
"polaridad_media",4.75,0.00794846076671992,0.00163663757230353
"polaridad_media",5,0.00791044958567543,0.00160835287460889
"polaridad_media",5.25,0.00787243873853481,0.00158266340829677
"polaridad_media",5.5,0.00783442825070072,0.00155969734386315
"polaridad_media",5.75,0.00779641814542104,0.00153957649787571
"polaridad_media",6,0.00775840844594365,0.00152241362170403
"polaridad_media",6.25,0.00772039917170802,0.00150830963388299
"polaridad_media",6.5,0.00768239032692005,0.0014973509269135
"polaridad_media",6.75,0.00764438191197726,0.00148960686936893
"polaridad_media",7,0.00760637392727716,0.00148512769081833
"polaridad_media",7.25,0.00756836636972136,0.00148394289499577
"polaridad_media",7.5,0.00753035922222782,0.00148606031628829
"polaridad_media",7.75,0.00749235246421859,0.00149146585436192
"polaridad_media",8,0.00745434607511575,0.00150012393509827
"polaridad_media",8.25,0.00741634003259235,0.00151197866849542
"polaridad_media",8.5,0.0073783343073254,0.00152695561551453
"polaridad_media",8.75,0.00734032886824296,0.00154496399886268
"polaridad_media",9,0.00730232368427302,0.00156589925434499
"polaridad_media",9.25,0.00726431872462233,0.00158964576905079
"polaridad_media",9.5,0.00722631395961232,0.00161607965637858
"polaridad_media",9.75,0.00718830935984315,0.0016450714120401
"polaridad_media",10,0.00715030489591495,0.00167648837999199
"polaridad_media",10.25,0.00711230054009941,0.00171019696011002
"polaridad_media",10.5,0.00707429627135432,0.00174606451342909
"polaridad_media",10.75,0.007036292070309,0.00178396091257308
"polaridad_media",11,0.00699828791759278,0.00182375978092041
"polaridad_media",11.25,0.00696028379585684,0.00186533944064522
"polaridad_media",11.5,0.00692227969583971,0.00190858359161965
"polaridad_media",11.75,0.0068842756103018,0.00195338175124918
"polaridad_media",12,0.00684627153200349,0.00199962950785447
"prop_alegria",1,0.13446078449762,0.00461259097503252
"prop_alegria",1.25,0.133217013609461,0.00421954866915911
"prop_alegria",1.5,0.131973095582699,0.00386510394338467
"prop_alegria",1.75,0.13072888327873,0.00355721280562679
"prop_alegria",2,0.129484229558952,0.00329946462582077
"prop_alegria",2.25,0.128240186615342,0.00309015465385323
"prop_alegria",2.5,0.127002603962212,0.00292387904770677
"prop_alegria",2.75,0.125778530444452,0.00279254648669315
"prop_alegria",3,0.124575014906954,0.00268641339575467
"prop_alegria",3.25,0.123399902104928,0.00259655453907905
"prop_alegria",3.5,0.122264220434846,0.00251879973922459
"prop_alegria",3.75,0.121179794203498,0.00245136069124783
"prop_alegria",4,0.120158447717672,0.00239289537075232
"prop_alegria",4.25,0.119211075473222,0.00234205370211864
"prop_alegria",4.5,0.118344852722255,0.00229839906628932
"prop_alegria",4.75,0.11756602490594,0.00226063287332084
"prop_alegria",5,0.116880837465447,0.00222593144808428
"prop_alegria",5.25,0.116293463055227,0.00219109794617604
"prop_alegria",5.5,0.115799783182854,0.00215578645208853
"prop_alegria",5.75,0.115393606569182,0.00212112948867898
"prop_alegria",6,0.115068741935066,0.00208862060910906
"prop_alegria",6.25,0.114817733690732,0.00206018611293077
"prop_alegria",6.5,0.114628069003893,0.002038886274949
"prop_alegria",6.75,0.114485970731631,0.00202650968401328
"prop_alegria",7,0.114377661731031,0.00202239730108019
"prop_alegria",7.25,0.114290043518221,0.00202388935627256
"prop_alegria",7.5,0.1142127322455,0.00202848720885201
"prop_alegria",7.75,0.114136022724214,0.00203396283075799
"prop_alegria",8,0.114050209765709,0.00203837819937926
"prop_alegria",8.25,0.113947273514316,0.00204101551312893
"prop_alegria",8.5,0.113825935446318,0.00204384934724608
"prop_alegria",8.75,0.113686602370985,0.00204919937725633
"prop_alegria",9,0.113529681097588,0.00205828271355425
"prop_alegria",9.25,0.113356423095893,0.0020709181401145
"prop_alegria",9.5,0.113171458477653,0.00208603374393327
"prop_alegria",9.75,0.112980262015119,0.00210133586047789
"prop_alegria",10,0.112788308480539,0.00211378128312263
"prop_alegria",10.25,0.112600472078975,0.00212125588781014
"prop_alegria",10.5,0.112419224746723,0.00212551634339795
"prop_alegria",10.75,0.11224643785289,0.00213118923378093
"prop_alegria",11,0.112083982766584,0.0021449172333563
"prop_alegria",11.25,0.111932910496367,0.00217494436424679
"prop_alegria",11.5,0.111790990608625,0.00222975384776724
"prop_alegria",11.75,0.1116551723092,0.00231461316578701
"prop_alegria",12,0.111522404803934,0.00242999589570937
"prop_tristeza",1,0.146998320710524,0.00236141625796367
"prop_tristeza",1.25,0.147166270291194,0.00231515886036367
"prop_tristeza",1.5,0.147334219727791,0.0022699215766242
"prop_tristeza",1.75,0.147502168876242,0.00222576650110473
"prop_tristeza",2,0.147670117592475,0.00218275890779409
"prop_tristeza",2.25,0.147838065727548,0.00214096732727451
"prop_tristeza",2.5,0.148006013113049,0.00210046366571303
"prop_tristeza",2.75,0.148173959575696,0.00206132311098226
"prop_tristeza",3,0.148341904942207,0.00202362398576383
"prop_tristeza",3.25,0.148509849032128,0.00198744758460767
"prop_tristeza",3.5,0.148677791636322,0.00195287797235664
"prop_tristeza",3.75,0.148845732538475,0.00192000140117553
"prop_tristeza",4,0.149013671522279,0.00188890567242746
"prop_tristeza",4.25,0.149181608343857,0.00185967945846877
"prop_tristeza",4.5,0.149349542649082,0.00183241156794656
"prop_tristeza",4.75,0.149517474056259,0.00180718993102166
"prop_tristeza",5,0.149685402183697,0.00178410052869436
"prop_tristeza",5.25,0.149853326630135,0.00176322631058673
"prop_tristeza",5.5,0.150021246916047,0.00174464612823022
"prop_tristeza",5.75,0.150189162542336,0.00172843335868826
"prop_tristeza",6,0.15035707300991,0.00171465455468487
"prop_tristeza",6.25,0.150524977857189,0.00170336820551105
"prop_tristeza",6.5,0.150692876772655,0.00169462363322586
"prop_tristeza",6.75,0.150860769482304,0.00168845982479378
"prop_tristeza",7,0.151028655712136,0.0016849045251524
"prop_tristeza",7.25,0.151196535283042,0.00168397365544109
"prop_tristeza",7.5,0.151364408395495,0.00168567109570119
"prop_tristeza",7.75,0.151532275344866,0.00168998853768513
"prop_tristeza",8,0.151700136426522,0.00169690565246484
"prop_tristeza",8.25,0.151867992017154,0.0017063906143354
"prop_tristeza",8.5,0.15203584281873,0.00171840093615166
"prop_tristeza",8.75,0.152203689614541,0.0017328842238326
"prop_tristeza",9,0.152371533187875,0.00174977918576048
"prop_tristeza",9.25,0.152539374313369,0.00176901686108238
"prop_tristeza",9.5,0.152707213731036,0.00179052199285909
"prop_tristeza",9.75,0.152875052172239,0.00181421424162644
"prop_tristeza",10,0.153042890368338,0.0018400094472154
"prop_tristeza",10.25,0.153210728957926,0.00186782091701101
"prop_tristeza",10.5,0.153378568208519,0.00189756068065538
"prop_tristeza",10.75,0.153546408294866,0.00192914035998852
"prop_tristeza",11,0.153714249391716,0.00196247196978769
"prop_tristeza",11.25,0.153882091595308,0.00199746864050163
"prop_tristeza",11.5,0.154049934687837,0.0020340451895217
"prop_tristeza",11.75,0.154217778372992,0.00207211851267135
"prop_tristeza",12,0.15438562235446,0.00211160793548838
"prop_miedo",1,0.144328186217219,0.00246873130386578
"prop_miedo",1.25,0.144350722915649,0.00241945890003626
"prop_miedo",1.5,0.144373259694554,0.00237125323494686
"prop_miedo",1.75,0.14439579663441,0.00232418059363401
"prop_miedo",2,0.144418333815691,0.00227831086085009
"prop_miedo",2.25,0.14444087126317,0.00223371761082362
"prop_miedo",2.5,0.144463408778804,0.00219047822324551
"prop_miedo",2.75,0.144485946108848,0.00214867380524332
"prop_miedo",3,0.144508482999556,0.00210838905179874
"prop_miedo",3.25,0.14453101914641,0.00206971207270865
"prop_miedo",3.5,0.144553554041809,0.00203273416302931
"prop_miedo",3.75,0.144576087127376,0.00199754921949651
"prop_miedo",4,0.144598617844739,0.00196425307778284
"prop_miedo",4.25,0.144621145651995,0.0019329427802925
"prop_miedo",4.5,0.144643670073138,0.00190371575805709
"prop_miedo",4.75,0.144666190648632,0.00187666873361588
"prop_miedo",5,0.144688706918945,0.00185189653744056
"prop_miedo",5.25,0.144711218499212,0.00182949087895656
"prop_miedo",5.5,0.144733725303247,0.00180953910098335
"prop_miedo",5.75,0.144756227319535,0.00179212264590997
"prop_miedo",6,0.14477872453656,0.00177731553364085
"prop_miedo",6.25,0.144801217008778,0.00176518293757428
"prop_miedo",6.5,0.144823705054525,0.00175577989528247
"prop_miedo",6.75,0.14484618905811,0.00174914999828631
"prop_miedo",7,0.14486866940384,0.00174532435718391
"prop_miedo",7.25,0.144891146482788,0.00174432091173952
"prop_miedo",7.5,0.144913620713081,0.00174614413077402
"prop_miedo",7.75,0.144936092519609,0.00175078485503817
"prop_miedo",8,0.144958562327264,0.00175822049595407
"prop_miedo",8.25,0.144981030523788,0.00176841562242767
"prop_miedo",8.5,0.145003497348322,0.00178132288861723
"prop_miedo",8.75,0.145025963002858,0.00179688395319588
"prop_miedo",9,0.145048427689391,0.00181503066433757
"prop_miedo",9.25,0.145070891581266,0.00183568646295577
"prop_miedo",9.5,0.145093354737246,0.00185876792394702
"prop_miedo",9.75,0.145115817187448,0.00188418615898621
"prop_miedo",10,0.145138278961988,0.00191184824654465
"prop_miedo",10.25,0.145160740094622,0.00194165865994318
"prop_miedo",10.5,0.145183200633657,0.001973520634395
"prop_miedo",10.75,0.14520566063104,0.00200733716689323
"prop_miedo",11,0.145228120138716,0.00204301191842466
"prop_miedo",11.25,0.145250579218216,0.00208045001105865
"prop_miedo",11.5,0.145273037969397,0.00211955865875451
"prop_miedo",11.75,0.145295496501698,0.0021602476095516
"prop_miedo",12,0.145317954924558,0.00220242952328597
