"id_libro","titulo","nivel","archivo","tipo_match"
"L0001","¿Para qué quiere el ratón mi diente?",1,"0002_¿Para qué quiere el ratón mi diente_.pdf","numero_catalogo"
"L0002","10 cuentos para abrir el apetito",1,"0005_10 cuentos para abrir el apetito.pdf","numero_catalogo"
"L0003","Burrito y el regalo",1,"0020_El burrito y el regalo.pdf","numero_catalogo"
"L0004","Cebra tiene hipo",1,"0025_La cebra tiene hipo.pdf","numero_catalogo"
"L0005","Donde viven los monstruos",1,"0043_Donde viven los monstruos.pdf","numero_catalogo"
"L0006","El cuervo y la vasija",1,"0049_El cuervo y la vasija.pdf","numero_catalogo"
"L0007","El joven y la grulla",1,"0052_El joven y la grulla.pdf","numero_catalogo"
"L0008","El labrador y el diablo",1,"0053_El labrador y el diablo.pdf","numero_catalogo"
"L0009","El león que no sabía escribir",1,"0054_El león que no sabia escribir.pdf","numero_catalogo"
"L0010","El león y el ratón",1,"0055_El león y el ratón.pdf","numero_catalogo"
"L0011","El león y los cuatro bueyes",1,"0056_El león y los cuatro bueyes.pdf","numero_catalogo"
"L0012","El lobo y los siete cabritos",1,"0058_El lobo y los siete cabritos.pdf","numero_catalogo"
"L0013","El negrito zambo",1,"0062_El negrito zambo.pdf","numero_catalogo"
"L0014","El pastorcito mentiroso",1,"0063_El pastorcito mentiroso.pdf","numero_catalogo"
"L0015","El regalo del sol",1,"0065_El regalo del sol.pdf","numero_catalogo"
"L0016","El rey mocho",1,"0067_El rey mocho.pdf","numero_catalogo"
"L0017","El tigre y el ratón",1,"0071_El tigre y el ratón.pdf","numero_catalogo"
"L0018","El tonto Perico,",1,"0073_El tonto perico.pdf","numero_catalogo"
"L0019","El topo que quería saber quién se había hecho eso en su cabeza",1,"0074_El topo que quería saber quién se había hecho eso en su cabeza.pdf","numero_catalogo"
"L0020","El valiente Teo",1,"0075_El valiente Teo.pdf","numero_catalogo"
"L0021","El viaje de Babar",1,"0076_El viaje de Babar.pdf","numero_catalogo"
"L0022","Elmer",1,"0078_Elmer.pdf","numero_catalogo"
"L0023","Fernando furioso",1,"0084_Fernando furioso.pdf","numero_catalogo"
"L0024","Frederick",1,"085_Frederick.pdf","numero_catalogo"
"L0025","Hamamelis, Miosotis y el Señor Sorpresa",1,"0091_Hamamelis, Miosotis y el.pdf","numero_catalogo"
"L0026","Hansel y Gretel",1,"0092_Hansel y Gretel.pdf","numero_catalogo"
"L0027","Historias de ratones",1,"0095_Historias de ratones.pdf","numero_catalogo"
"L0028","Juanito y las semillas mágicas",1,"0097_Juanito y las semillas.pdf","numero_catalogo"
"L0029","La cebra Camila",1,"0101_La cebra Camila.pdf","numero_catalogo"
"L0030","La cigarra y la hormiga",1,"0102_La cigarra y la hormiga.pdf","numero_catalogo"
"L0031","La flor Lililá,",1,"0103_La flor de lililá.pdf","numero_catalogo"
"L0032","La gallina roja y el grano de trigo",1,"0105_La gallina roja y el grano de trigo.pdf","numero_catalogo"
"L0033","La hormiguita",1,"0107_La hormiguita.pdf","numero_catalogo"
"L0034","La liebre y la tortuga",1,"0108_La liebre y la tortuga.pdf","numero_catalogo"
"L0035","La pequeña noche",1,"0112_La pequeña noche.pdf","numero_catalogo"
"L0036","La pequeña oruga glotona",1,"0113_La pequeña oruga glotona.pdf","numero_catalogo"
"L0037","La sorpresa",1,"0116_La sorpresa.pdf","numero_catalogo"
"L0038","La sorpresa de Nandi",1,"0117_La sorpresa de Nandi.pdf","numero_catalogo"
"L0039","La tortilla corredora",1,"0120_La tortilla corredora.pdf","numero_catalogo"
"L0040","Las tres plumas",1,"0124_Las tres plumas.pdf","numero_catalogo"
"L0041","Los animales no se visten",1,"0126_Los animales no se visten.pdf","numero_catalogo"
"L0042","Los cocodrilos copiones",1,"0127_Los cocodrilos copiones.pdf","numero_catalogo"
"L0043","Los duendes y el zapatero",1,"0128_Los duendes y el zapatero.pdf","numero_catalogo"
"L0044","Los músicos de Bremen",1,"0129_Los músicos de Bremen.pdf","numero_catalogo"
"L0045","Los secretos del abuelo sapo",1,"0131_Los secretos del abuelo.pdf","numero_catalogo"
"L0046","Los tres bandidos",1,NA,"sin_archivo_para_numero"
"L0047","Los tres chanchitos",1,"0134_Los tres chanchitos.pdf","numero_catalogo"
"L0048","Lucía Moñitos",1,"0135_Lucía Moñitos.pdf","numero_catalogo"
"L0049","Madre Nieve",1,"00136_Madre nieve.pdf","numero_catalogo"
"L0050","Matías dibuja el sol",1,"0139_Matías dibuja el so.pdf","numero_catalogo"
"L0051","Mira lo que tengo",1,"0142_Mira lo que tengo.pdf","numero_catalogo"
"L0052","Ni un pelo de tonto",1,"0145_Ni un pelo de tonto.pdf","numero_catalogo"
"L0053","No te rías Pepe",1,"0146_No te rías Pepe.pdf","numero_catalogo"
"L0054","Ochopatas y un cuento",1,"0148_Ochopatas y un cuento.pdf","numero_catalogo"
"L0055","Para ver y no creer",1,"0151_Para ver y no creer.pdf","numero_catalogo"
"L0056","Un paseo al campo",1,"0168_Un paseo al campo.pdf","numero_catalogo"
"L0057","Una sopa de piedra",1,"0169_Una sopa de piedra.pdf","numero_catalogo"
"L0058","Willy y el tímido",1,"0177_Willy y el tímido.pdf","numero_catalogo"
"L0059","Agamenón",9,"0180_Agamenón.pdf","numero_catalogo"
"L0060","Antiguo Testamento",9,"0183_Antiguo Testamento.pdf","numero_catalogo"
"L0061","Canción del río indiferente",9,"0186_Canción del río indiferente.pdf","numero_catalogo"
"L0062","Carta de Dickens a su hijo",9,"0187_Carta de Dickens a su hijo.pdf","numero_catalogo"
"L0063","Creación del hombre. Popol Vuh",9,"0191_Creación del hombre. Popol Vuh.pdf","numero_catalogo"
"L0064","Crepúsculo",9,"0192_Crepúsculo.pdf","numero_catalogo"
"L0065","Crónica de una muerte anunciada",9,"0193_Crónica de una muerte anunciada.pdf","numero_catalogo"
"L0066","Cuentos de amor, de locura y de muerte",9,"0194_Cuentos de amor, de locura y de muerte.pdf","numero_catalogo"
"L0067","Cuentos de Pedro Urdemales",9,"0195_Cuentos de Pedro Urdemales.pdf","numero_catalogo"
"L0068","Cumbres borrascosas",9,"0196_Cumbres borrascosas.pdf","numero_catalogo"
"L0069","Décimas de la Negra Ester",9,"0197_Décimas de la Negra Ester.pdf","numero_catalogo"
"L0070","Después de tanto mar",9,"0199_Después de tanto mar.pdf","numero_catalogo"
"L0071","Domo y Lituche",9,"0200_Domo y Lituche.pdf","numero_catalogo"
"L0072","Don Juan Tenorio",9,"0201_Don Juan Tenorio.pdf","numero_catalogo"
"L0073","Drácula",9,"0203_Drácula.pdf","numero_catalogo"
"L0074","El baile",9,"0205_El baile.pdf","numero_catalogo"
"L0075","El barón de Münchhausen",9,"0206_El barón de Münchhausen.pdf","numero_catalogo"
"L0076","El conde de Montecristo",9,"0207_El conde de Montecristo.pdf","numero_catalogo"
"L0077","El conde Lucanor",9,"0208_El conde Lucanor.pdf","numero_catalogo"
"L0078","El delantal blanco",9,"0209_El delantal blanco.pdf","numero_catalogo"
"L0079","El estudiante de Salamanca",9,"0210_El estudiante de Salamanca.pdf","numero_catalogo"
"L0080","El gaucho Martín Fierro",9,"0211_El gaucho Martín Fierro.pdf","numero_catalogo"
"L0081","El guardián entre el centeno",9,"0212_El guardián entre el centeno.pdf","numero_catalogo"
"L0082","El ingenioso hidalgo don Quijote de la Mancha: segunda parte",9,"0213_El ingenioso hidalgo don Quijote de la Mancha segunda parte.pdf","numero_catalogo"
"L0083","El lazarillo de Tormes",9,"0214_El lazarillo de Tormes.pdf","numero_catalogo"
"L0084","El libro talonario",9,"0215_El libro talonario.pdf","numero_catalogo"
"L0085","El retrato de Dorian Gray",9,"0216_El retrato de Dorian Gray.pdf","numero_catalogo"
"L0086","El verdadero final de la bella durmiente",9,"0219_El verdadero final de la bella durmiente.pdf","numero_catalogo"
"L0087","Extractos de los diarios de Adán y de Eva",9,"0223_Extractos de los diarios de Adán y de Eva.pdf","numero_catalogo"
"L0088","Fedra",9,"0224_Fedra.pdf","numero_catalogo"
"L0089","Frankestein o el moderno Prometeo",9,"0225_Frankestein o el moderno Prometeo.pdf","numero_catalogo"
"L0090","Himno a la noche",9,"0226_Himno a la noche.pdf","numero_catalogo"
"L0091","Historia de cronopios y famas",9,"0227_Historia de cronopios y famas.pdf","numero_catalogo"
"L0092","Historias de Cronopios y de Famas",9,NA,"sin_archivo_para_numero"
"L0093","Inquietudes sentimentales",9,"0230_Inquietudes sentimentales.pdf","numero_catalogo"
"L0094","Iván el imbécil",9,"0231_Iván el imbécil.pdf","numero_catalogo"
"L0095","Jane Eyre",9,"0232_Jane Eyre.pdf","numero_catalogo"
"L0096","La balada del café triste",9,"0234_La balada del café triste.pdf","numero_catalogo"
"L0097","La casa de Asterión",9,"0236_La casa de Asterión.PDF","numero_catalogo"
"L0098","La dama de las camelias",9,"0239_La dama de las camelias.pdf","numero_catalogo"
"L0099","La miseria del hombre",9,"0240_La miseria del hombre.pdf","numero_catalogo"
"L0100","La Nona",9,"0241_La Nona.pdf","numero_catalogo"
"L0101","La Odisea",9,"0242_La Odisea.pdf","numero_catalogo"
"L0102","La ópera de dos centavos",9,"0243_La ópera de dos centavos.pdf","numero_catalogo"
"L0103","La verdadera historia de la bella durmiente",9,NA,"sin_archivo_para_numero"
"L0104","La vida simplemente",9,"0246_La vida simplemente.pdf","numero_catalogo"
"L0105","Los jefes",9,"0251_Los jefes.pdf","numero_catalogo"
"L0106","Los Miserables",9,"0252_Los Miserables.pdf","numero_catalogo"
"L0107","Martín Rivas",9,"0253_Martín Rivas.pdf","numero_catalogo"
"L0108","Más allá del horizonte",9,"0254_Más allá del horizonte.pdf","numero_catalogo"
"L0109","Odio al árbol",9,"0261_Odio al árbol.pdf","numero_catalogo"
"L0110","Ópera de los dos centavos",9,"0262_Ópera de los dos centavos.pdf","numero_catalogo"
"L0111","Orgullo y Prejuicio",9,"0263_Orgullo y Prejuicio.pdf","numero_catalogo"
"L0112","Pinocho",9,"0265_Pinocho.pdf","numero_catalogo"
"L0113","Poemas de amor",9,"0266_Poemas de amor.pdf","numero_catalogo"
"L0114","Popol Vuh",9,"0267_Popol Vuh.pdf","numero_catalogo"
"L0115","Prometeo",9,"0268_Prometeo.pdf","numero_catalogo"
"L0116","Prometeo encadenado",9,"0269_Prometeo.pdf","numero_catalogo"
"L0117","Prometeo liberado",9,"0270_Prometeo liberado.pdf","numero_catalogo"
"L0118","Rebelión de la granja",9,"0271_Rebelión de la granja.pdf","numero_catalogo"
"L0119","Rimas y leyendas",9,"0272_Rimas y leyendas.pdf","numero_catalogo"
"L0120","Satiricón",9,"0274_Satiricón.pdf","numero_catalogo"
"L0121","Un cuento de navidad",9,"0280_Un cuento de navidad.pdf","numero_catalogo"
"L0122","¡No funciona la tele!",2,"0286_¡No funciona la tele!.pdf","numero_catalogo"
"L0123","Abuela de arriba, abuela de abajo",2,"0289_Abuela de arriba, abuela de abajo.pdf","numero_catalogo"
"L0124","Caco y la Turu",2,"0296_Caco y la Turu.pdf","numero_catalogo"
"L0125","Camilón comilón",2,"0297_Camilón comilón.pdf","numero_catalogo"
"L0126","Caperucita roja",2,"0305_Caperucita roja.pdf","numero_catalogo"
"L0127","Caperucita roja tal como se la contaron a Jorge",2,"0306_Caperucita roja tal como se la contaron a Jorge.pdf","numero_catalogo"
"L0128","Corazón de mandarín",2,"0308_Corazón de mandarín.pdf","numero_catalogo"
"L0129","Delia Degú y su sombrero",2,"0317_Delia Degú y su sombrero.pdf","numero_catalogo"
"L0130","Días con Sapo y Sepo",2,"0318_Días con Sapo y Sepo.pdf","numero_catalogo"
"L0131","Disculpe… ¿Es usted una bruja?",2,"0321_Disculpe… ¿Es usted una bruja.pdf","numero_catalogo"
"L0132","El árbol generoso",2,"0323_El árbol generoso.pdf","numero_catalogo"
"L0133","El cóndor y la pastora",2,"0327_El cóndor y la pastora.pdf","numero_catalogo"
"L0134","El coyote y la tortuga (leyenda hopi)",2,"0328_El coyote y la tortuga (leyenda hopi).pdf","numero_catalogo"
"L0135","El domador de monstruos",2,"0330_El domador de monstruos.pdf","numero_catalogo"
"L0136","El dragón color frambuesa",2,"0331_El dragón color frambuesa.pdf","numero_catalogo"
"L0137","El fantasma de palacio",2,"0332_El fantasma de palacio.pdf","numero_catalogo"
"L0138","El gorila Razán",2,"0336_El gorila Razán.pdf","numero_catalogo"
"L0139","El mono imitamonos",2,"0339_El mono imitamonos.pdf","numero_catalogo"
"L0140","El oso que no lo era",2,"0342_El oso que no lo era.pdf","numero_catalogo"
"L0141","El pez arcoiris",2,"0345_El pez arcoiris.pdf","numero_catalogo"
"L0142","El problema de Martina",2,"0347_El problema de Martina.pdf","numero_catalogo"
"L0143","El rey sapo",2,NA,"sin_archivo_para_numero"
"L0144","El rey solito",2,"0349_El rey solito.pdf","numero_catalogo"
"L0145","El sastrecillo valiente",2,"0350_El sastrecillo valiente.pdf","numero_catalogo"
"L0146","Eva y su Tan",2,"0361_Eva y su Tan.pdf","numero_catalogo"
"L0147","Fábula de la ratoncita presumida",2,"0363_Fábula de la ratoncita presumida.pdf","numero_catalogo"
"L0148","Flon Flon y Musina",2,"0365_Flon Flon y Musina.pdf","numero_catalogo"
"L0149","Franz se mete en problemas de amor",2,"0367_Franz se mete en problemas de amor.pdf","numero_catalogo"
"L0150","Gazapito quiere comer torta",2,"0370_Gazapito quiere comer torta.pdf","numero_catalogo"
"L0151","Kiwi",2,"0377_Kiwi.pdf","numero_catalogo"
"L0152","La Añañuca (leyenda chilena)",2,"0379_La Añañuca (leyenda chilena).pdf","numero_catalogo"
"L0153","La bruja Mon",2,"0382_La bruja Mon.pdf","numero_catalogo"
"L0154","La fuerza de la gacela",2,"0385_La fuerza de la gacela.pdf","numero_catalogo"
"L0155","La hormiguita Cantora y el duende Melodía",2,"0386_La hormiguita Cantora y el duende Melodía.pdf","numero_catalogo"
"L0156","La liebre y el erizo",2,"0387_La liebre y el erizo.pdf","numero_catalogo"
"L0157","La otra orilla",2,"0393_La otra orilla.pdf","numero_catalogo"
"L0158","La princesa y el guisante",2,"0397_La princesa y el guisante.pdf","numero_catalogo"
"L0159","La reina de las abejas",2,"0399_La reina de las abejas.pdf","numero_catalogo"
"L0160","La serpiente emplumada de Asososca (leyenda nicaragüense)",2,"0400_La serpiente emplumada de Asososca (leyenda nicaragüense).pdf","numero_catalogo"
"L0161","Las doce princesas bailarinas",2,"0407_Las doce princesas bailarinas.pdf","numero_catalogo"
"L0162","Las tres hilanderas",2,"0409_Las tres hilanderas.pdf","numero_catalogo"
"L0163","Los tres lobitos y el cochinito feroz",2,"0414_Los tres lobitos y el cochinito feroz.pdf","numero_catalogo"
"L0164","Mi dragona y yo",2,"0422_Mi dragona y yo.pdf","numero_catalogo"
"L0165","Nadarin",2,"0428_Nadarin.pdf","numero_catalogo"
"L0166","Niña bonita",2,"0430_Niña bonita.pdf","numero_catalogo"
"L0167","Quiero ser famosa",2,"0440_Quiero ser famosa.pdf","numero_catalogo"
"L0168","Rapunzel",2,"0442_Rapunzel.pdf","numero_catalogo"
"L0169","Ricitos de oro y los tres osos",2,"0443_Ricitos de oro y los tres osos.pdf","numero_catalogo"
"L0170","Rosa Caramelo",2,"0445_Rosa Caramelo.pdf","numero_catalogo"
"L0171","Sapo y Sepo un año entero",2,"0448_Sapo y Sepo un año entero.pdf","numero_catalogo"
"L0172","Siete ratones ciegos",2,"0449_Siete ratones ciegos.pdf","numero_catalogo"
"L0173","Tanabata (leyenda japonesa)",2,"0452_Tanabata (leyenda japonesa).pdf","numero_catalogo"
"L0174","Tranquila Tragaleguas",2,"0454_Tranquila Tragaleguas.pdf","numero_catalogo"
"L0175","Un pez arcoiris",2,"0455_Un pez arcoiris.pdf","numero_catalogo"
"L0176","Valentín se parece a",2,"0457_Valentín se parece a.pdf","numero_catalogo"
"L0177","Vamos a buscar un tesoro",2,"0458_Vamos a buscar un tesoro.pdf","numero_catalogo"
"L0178","Vamos a buscar un tesoro. Historia de cómo el pequeño oso y el pequeño tigre fueron en busca de la felicidad.",2,"0459_El inspector.pdf","numero_catalogo"
"L0179","Willy el campeón",2,"0461_Willy el campeón.pdf","numero_catalogo"
"L0180","Willy el mago",2,"0462_Willy el mago.pdf","numero_catalogo"
"L0181","Yo sí, yo no",2,"0465_Yo sí, yo no.pdf","numero_catalogo"
"L0182","Yo te curaré dijo el pequeño oso",2,"0466_Yo te curaré dijo el pequeño oso.pdf","numero_catalogo"
"L0183","A la felicidad de Eumelo",10,"0472_A la felicidad de Eumelo.pdf","numero_catalogo"
"L0184","Al sur de la Alameda",10,"0474_Al sur de la Alameda.pdf","numero_catalogo"
"L0185","Año nuevo en Gander",10,"0475_Año nuevo en Gander.pdf","numero_catalogo"
"L0186","Ayayema",10,"0476_Ayayema.pdf","numero_catalogo"
"L0187","Bartelby, el escribiente",10,"0478_Bartelby, el escribiente.pdf","numero_catalogo"
"L0188","Cinema Utoppia",10,"0480_Cinema Utoppia.pdf","numero_catalogo"
"L0189","Comunicado",10,"0481_Comunicado.pdf","numero_catalogo"
"L0190","Coplas por la muerte de su padre",10,"0482_Coplas por la muerte de su padre.pdf","numero_catalogo"
"L0191","Cuánta tierra necesita un hombre",10,"0483_Cuánta tierra necesita un hombre.pdf","numero_catalogo"
"L0192","De qué hablo cuando hablo de correr",10,"0485_De qué hablo cuando hablo de correr.pdf","numero_catalogo"
"L0193","De ratones y de hombres",10,"0486_De ratones y de hombres.pdf","numero_catalogo"
"L0194","Don Quijote de la Mancha: segunda parte",10,"0487_Don Quijote de la Mancha segunda parte.pdf","numero_catalogo"
"L0195","El conde de Montecristo",10,"0489_El conde de Montecristo.pdf","numero_catalogo"
"L0196","El dador",10,"0490_El dador.pdf","numero_catalogo"
"L0197","El inspector",10,"0495_El inspector.pdf","numero_catalogo"
"L0198","El retrato de Dorian Gray",10,"0498_El retrato de Dorian Gray.pdf","numero_catalogo"
"L0199","El señor de las moscas",10,"0500_El señor de las moscas.pdf","numero_catalogo"
"L0200","El señor de los anillos",10,"0501_El señor de los anillos.pdf","numero_catalogo"
"L0201","El señor de los anillos: La comunidad del anillo",10,"0502_El señor de los anillos La comunidad del anillo.pdf","numero_catalogo"
"L0202","Emigrantes",10,"0506_Emigrantes.pdf","numero_catalogo"
"L0203","En la muerte de Laura",10,"0507_En la muerte de Laura.pdf","numero_catalogo"
"L0204","Flores para Algernon",10,"0508_Flores para Algernon.pdf","numero_catalogo"
"L0205","Frankenstein o el moderno Prometeo",10,"0509_Frankenstein o el moderno Prometeo.pdf","numero_catalogo"
"L0206","Grandes esperanzas",10,"0512_Grandes esperanzas.pdf","numero_catalogo"
"L0207","Heredia detective",10,"0513_Heredia detective.pdf","numero_catalogo"
"L0208","Inmóvil en la luz, pero danzante,",10,"0516_Inmóvil en la luz, pero danzante.pdf","numero_catalogo"
"L0209","La perla",10,"0523_La perla.pdf","numero_catalogo"
"L0210","Laberinto de la soledad",10,"0526_Laberinto de la soledad.pdf","numero_catalogo"
"L0211","Los actuales dilemas del Desarrollo Humano en Chile",10,"0529_Los actuales dilemas del Desarrollo Humano en Chile.pdf","numero_catalogo"
"L0212","Mapurbe",10,"0533_Mapurbe.pdf","numero_catalogo"
"L0213","Matar a un ruiseñor",10,"0534_Matar a un ruiseñor.pdf","numero_catalogo"
"L0214","Memorias de un emigrante",10,"0535_Memorias de un emigrante.pdf","numero_catalogo"
"L0215","Miltín 1934",10,"0536_Miltín 1934.pdf","numero_catalogo"
"L0216","Moradas",10,"0538_Moradas.pdf","numero_catalogo"
"L0217","Muda, triste y pensativa",10,"0539_Muda, triste y pensativa.pdf","numero_catalogo"
"L0218","No pasó nada",10,"0540_No pasó nada.pdf","numero_catalogo"
"L0219","Panteísmo",10,"0542_Panteísmo.pdf","numero_catalogo"
"L0220","Quique Hache, detective",10,"0547_Quique Hache, detective.pdf","numero_catalogo"
"L0221","Rebeldes",10,"0548_Rebeldes.pdf","numero_catalogo"
"L0222","Rebelión en la granja",10,"0549_Rebelión en la granja.pdf","numero_catalogo"
"L0223","Si esto es un hombre",10,"0552_Si esto es un hombre.pdf","numero_catalogo"
"L0224","Sonetos",10,"0595_Sonetos.pdf","numero_catalogo"
"L0225","Yo tengo un sueño",10,"0601_Yo tengo un sueño.pdf","numero_catalogo"
"L0226","El coordinador",10,"0602_El coordinador.pdf","numero_catalogo"
"L0227","El coordinador",11,"0602_El coordinador.pdf","numero_catalogo"
"L0228","Hijo de ladrón",10,"0604_Hijo de ladrón.pdf","numero_catalogo"
"L0229","Hijo de ladrón",11,"0604_Hijo de ladrón.pdf","numero_catalogo"
"L0230","Hijo de ladrón",12,"0604_Hijo de ladrón.pdf","numero_catalogo"
"L0231","¿Yo y mi gato?",3,"0611_Yo y mi gato.pdf","numero_catalogo"
"L0232","Abuelita Opalina",3,"0615_Abuelita Opalina.pdf","numero_catalogo"
"L0233","Alex quiere un dinosaurio",3,"0616_Alex quiere un dinosaurio.pdf","numero_catalogo"
"L0234","Amalia, Amelia y Emilia",3,"0617_Amalia, Amelia y Emilia.pdf","numero_catalogo"
"L0235","Amigos del alma",3,"0618_Amigos del alma.pdf","numero_catalogo"
"L0236","Ásterix el galo",3,"0621_Ásterix el galo.pdf","numero_catalogo"
"L0237","Blancanieve y Rojaflor",3,"0624_Blancanieve y Rojaflor.pdf","numero_catalogo"
"L0238","Bolita",3,"0625_Bolita.pdf","numero_catalogo"
"L0239","Carlota y la Mona Lisa",3,"0632_Carlota y la Mona Lisa.pdf","numero_catalogo"
"L0240","Carlota y Monna Lisa",3,"0635_Carlota y Monna Lisa.pdf","numero_catalogo"
"L0241","Cenicienta",3,"0637_Cenicienta.pdf","numero_catalogo"
"L0242","Chorlitos en la cabeza",3,"0639_Chorlitos en la cabeza.pdf","numero_catalogo"
"L0243","Cuando san Pedro viajó en tren",3,"0642_Cuando san Pedro viajó en tren.pdf","numero_catalogo"
"L0244","Cuentos de Ada",3,"0644_Cuentos de Ada.pdf","numero_catalogo"
"L0245","Cuentos por teléfono",3,"0645_Cuentos por teléfono.pdf","numero_catalogo"
"L0246","El amigo del duende Melodía",3,"0651_El amigo del duende Melodía.pdf","numero_catalogo"
"L0247","El diablo y el boxeador",3,"0655_El diablo y el boxeador.pdf","numero_catalogo"
"L0248","El dragón de Jano",3,"0656_El dragón de Jano.pdf","numero_catalogo"
"L0249","El enojo del rey",3,"0657_El enojo del rey.pdf","numero_catalogo"
"L0250","El flojo, el sabio y el lobo",3,"0659_El flojo, el sabio y el lobo.pdf","numero_catalogo"
"L0251","El león y el ratón",3,"0663_El león y el ratón.pdf","numero_catalogo"
"L0252","El loro pelado",3,"0666_El loro pelado.pdf","numero_catalogo"
"L0253","El pájaro del alma",3,"0671_El pájaro del alma.pdf","numero_catalogo"
"L0254","El pato y la serpiente",3,"0672_El pato y la serpiente.pdf","numero_catalogo"
"L0255","El pescador y el pececito dorado",3,"0675_El pescador y el pececito dorado.pdf","numero_catalogo"
"L0256","El rey pico de tordo",3,"0678_El rey pico de tordo.pdf","numero_catalogo"
"L0257","El secreto de Lena",3,"0680_El secreto de Lena.pdf","numero_catalogo"
"L0258","El tesoro que la tierra oculta",3,"0683_El tesoro que la tierra oculta.pdf","numero_catalogo"
"L0259","El zorrito abandonado",3,"0688_El zorrito abandonado.pdf","numero_catalogo"
"L0260","El zorro y las uvas",3,"0690_El zorro y las uvas.pdf","numero_catalogo"
"L0261","La abeja haragana",3,"0703_La abeja haragana.pdf","numero_catalogo"
"L0262","La astuta hija del campesino",3,"0705_La astuta hija del campesino.pdf","numero_catalogo"
"L0263","La bella durmiente",3,"0706_La bella durmiente.pdf","numero_catalogo"
"L0264","La gallina de los huevos de oro",3,"0709_La gallina de los huevos de oro.pdf","numero_catalogo"
"L0265","La invernada de los animales",3,"0711_La invernada de los animales.pdf","numero_catalogo"
"L0266","La lechera",3,"0712_La lechera.pdf","numero_catalogo"
"L0267","La zorra y la liebre",3,"0723_La zorra y la liebre.pdf","numero_catalogo"
"L0268","Las hadas",3,"0724_Las hadas.pdf","numero_catalogo"
"L0269","Las medias de los flamencos",3,"0726_Las medias de los flamencos.pdf","numero_catalogo"
"L0270","Los dos amigos y el oso",3,"0732_Los dos amigos y el oso.pdf","numero_catalogo"
"L0271","Los dos conejos",3,"0733_Los dos conejos.pdf","numero_catalogo"
"L0272","Los tres deseos",3,"0736_Los tres deseos.pdf","numero_catalogo"
"L0273","Mini es la mejor",3,"0745_Mini es la mejor.pdf","numero_catalogo"
"L0274","Papelucho",3,"0752_Papelucho.pdf","numero_catalogo"
"L0275","Papelucho y el marciano",3,"0753_Papelucho y el marciano.pdf","numero_catalogo"
"L0276","Para que no me olvides",3,"0754_Para que no me olvides.pdf","numero_catalogo"
"L0277","Piedras de fuego",3,"0757_Piedras de fuego.pdf","numero_catalogo"
"L0278","Pulgarcita",3,"0761_Pulgarcita.pdf","numero_catalogo"
"L0279","Querida Susi, querido Paul",3,"0763_Querida Susi, querido Paul.pdf","numero_catalogo"
"L0280","Ratón de campo y ratón de ciudad",3,"0764_Ratón de campo y ratón de ciudad.pdf","numero_catalogo"
"L0281","Solomán",3,"0766_Solomán.pdf","numero_catalogo"
"L0282","Trece casos misteriosos",3,"0768_Trece casos misteriosos.pdf","numero_catalogo"
"L0283","Voces en el parque",3,"0774_Voces en el parque.pdf","numero_catalogo"
"L0284","El secuestro de la bibliotecaria",3,"0776_El secuestro de la bibliotecaria.pdf","numero_catalogo"
"L0285","El secuestro de la bibliotecaria",4,"0776_El secuestro de la bibliotecaria.pdf","numero_catalogo"
"L0286","El gato con botas",3,"0777_El gato con botas.pdf","numero_catalogo"
"L0287","El gato con botas",5,"0777_El gato con botas.pdf","numero_catalogo"
"L0288","Bartleby, el escribano",11,"0782_Bartleby, el escribano.pdf","numero_catalogo"
"L0289","Canto a su amor desaparecido",11,"0784_Canto a su amor desaparecido.pdf","numero_catalogo"
"L0290","Canto del macho anciano y otros poemas",11,"0785_Canto del macho anciano y otros poemas.pdf","numero_catalogo"
"L0291","Carol",11,"0787_Carol.pdf","numero_catalogo"
"L0292","Cómo me hice monja",11,"0788_Cómo me hice monja.pdf","numero_catalogo"
"L0293","Cuentos de buenas noches para niñas rebeldes",11,"0790_Cuentos de buenas noches para niñas rebeldes.pdf","numero_catalogo"
"L0294","Daisy Miller",11,"0793_Daisy Miller.pdf","numero_catalogo"
"L0295","Don Quijote de la Mancha",11,"0799_Don Quijote de la Mancha.pdf","numero_catalogo"
"L0296","Drácula",11,"0800_Drácula.pdf","numero_catalogo"
"L0297","El consumo me consume",11,"0805_El consumo me consume.pdf","numero_catalogo"
"L0298","El corazón de las tinieblas",11,NA,"sin_archivo_para_numero"
"L0299","El ingenioso hidalgo don Quijote de La Mancha: primera parte",11,"0812_El ingenioso hidalgo don Quijote de La Mancha primera parte.pdf","numero_catalogo"
"L0300","El ingenioso hidalgo don Quijote de La Mancha: segunda parte",11,"0813_El ingenioso hidalgo don Quijote de La Mancha segunda parte.pdf","numero_catalogo"
"L0301","El lugar sin límites",11,"0815_El lugar sin límites.pdf","numero_catalogo"
"L0302","El señor de las moscas",11,"0823_El señor de las moscas.pdf","numero_catalogo"
"L0303","El túnel",11,"0826_El túnel.pdf","numero_catalogo"
"L0304","Eloy",11,"0828_Eloy.pdf","numero_catalogo"
"L0305","Emma Zunz",11,"0829_Emma Zunz.pdf","numero_catalogo"
"L0306","Ética para Amador",11,"0832_Ética para Amador.pdf","numero_catalogo"
"L0307","Facundo",11,"0833_Facundo.pdf","numero_catalogo"
"L0308","Hechos consumados",11,"0844_Hechos consumados.pdf","numero_catalogo"
"L0309","Inés del alma mía",11,"0845_Inés del alma mía.pdf","numero_catalogo"
"L0310","La cucaracha soñadora",11,"0849_La cucaracha soñadora.pdf","numero_catalogo"
"L0311","La hora de la estrella",11,"0854_La hora de la estrella.pdf","numero_catalogo"
"L0312","La isla a mediodía",11,"0855_La isla a mediodía.pdf","numero_catalogo"
"L0313","La metamorfosis",11,"0856_La metamorfosis.pdf","numero_catalogo"
"L0314","La musiquilla de las pobres esferas",11,NA,"sin_archivo_para_numero"
"L0315","La pieza oscura",11,NA,"sin_archivo_para_numero"
"L0316","La tía Julia y el escribidor",11,"0862_La tía Julia y el escribidor.pdf","numero_catalogo"
"L0317","Lagar",11,"0864_Lagar.pdf","numero_catalogo"
"L0318","Las babas del diablo",11,"0865_Las babas del diablo.pdf","numero_catalogo"
"L0319","Las batallas en el desierto",11,"0866_Las batallas en el desierto.pdf","numero_catalogo"
"L0320","Las relaciones peligrosas",11,"0867_Las relaciones peligrosas.pdf","numero_catalogo"
"L0321","Los dones previsibles",11,"0870_Los dones previsibles.pdf","numero_catalogo"
"L0322","Los invasores",11,"0873_Los invasores.pdf","numero_catalogo"
"L0323","Los pasos perdidos",11,"0874_Los pasos perdidos.pdf","numero_catalogo"
"L0324","Los siete locos",11,"0875_Los siete locos.pdf","numero_catalogo"
"L0325","Los vagabundos del Dharma",11,"0876_Los vagabundos del Dharma.pdf","numero_catalogo"
"L0326","Naciste pintada",11,"0881_Naciste pintada.pdf","numero_catalogo"
"L0327","Poesía completa",11,"0887_Poesía completa.pdf","numero_catalogo"
"L0328","Poesías completas",11,"0890_Poesías completas.pdf","numero_catalogo"
"L0329","Primer amor",11,"0891_Primer amor.pdf","numero_catalogo"
"L0330","Qué vergüenza",11,"0892_Qué vergüenza.pdf","numero_catalogo"
"L0331","Recado confidencial a los chilenos",11,"0894_Recado confidencial a los chilenos.pdf","numero_catalogo"
"L0332","Reducciones",11,"0895_Reducciones.pdf","numero_catalogo"
"L0333","Residencia en la Tierra",11,"0896_Residencia en la Tierra.pdf","numero_catalogo"
"L0334","Rosaura a las diez",11,"0899_Rosaura a las diez.pdf","numero_catalogo"
"L0335","Sensatez y sentimientos",11,"0900_Sensatez y sentimientos.pdf","numero_catalogo"
"L0336","Tejas verdes: diario de un campo de concentración en Chile",11,"0908_Tejas verdes diario de un campo de concentración en Chile.pdf","numero_catalogo"
"L0337","Tlön, Uqbar, Orbis Terti",11,"0909_Tlön, Uqbar, Orbis Terti.pdf","numero_catalogo"
"L0338","Todos los fuegos el fuego",11,"0910_Todos los fuegos el fuego.pdf","numero_catalogo"
"L0339","Tokio blues",11,"0911_Tokio blues.pdf","numero_catalogo"
"L0340","Una temporada en el infierno - Iluminaciones",11,NA,"sin_archivo_para_numero"
"L0341","La Metamorfosis",11,"0922_La Metamorfosis.pdf","numero_catalogo"
"L0342","La Metamorfosis",12,"0922_La Metamorfosis.pdf","numero_catalogo"
"L0343","La noche boca arriba",11,"0923_La noche boca arriba.pdf","numero_catalogo"
"L0344","La noche boca arriba",12,"0923_La noche boca arriba.pdf","numero_catalogo"
"L0345","Pantaleón y las visitadoras",11,"0924_Pantaleón y las visitadoras.pdf","numero_catalogo"
"L0346","Pantaleón y las visitadoras",12,"0924_Pantaleón y las visitadoras.pdf","numero_catalogo"
"L0347","Un mundo feliz",11,"0926_Un mundo feliz.pdf","numero_catalogo"
"L0348","Un mundo feliz",12,"0926_Un mundo feliz.pdf","numero_catalogo"
"L0349","¿Es lógico? Análisis y evaluación de argumentos",11,"0928_Es lógico Análisis y evaluación de argumentos.pdf","numero_catalogo"
"L0350","¿Es lógico? Análisis y evaluación de argumentos",12,"0928_Es lógico Análisis y evaluación de argumentos.pdf","numero_catalogo"
"L0351","Desarrollo del lenguaje y didáctica de las lenguas",11,"0930_Desarrollo del lenguaje y didáctica de las lenguas.pdf","numero_catalogo"
"L0352","Desarrollo del lenguaje y didáctica de las lenguas",12,"0930_Desarrollo del lenguaje y didáctica de las lenguas.pdf","numero_catalogo"
"L0353","El problema de los géneros discursivos",11,"0932_El problema de los géneros discursivos.pdf","numero_catalogo"
"L0354","El problema de los géneros discursivos",12,"0932_El problema de los géneros discursivos.pdf","numero_catalogo"
"L0355","Las consignas de enseñanza de la lengua. Un análisis desde el interaccionismo socio-discursivo",11,"0939_Las consignas de enseñanza de la lengua. Un análisis desde el interaccionismo socio-discursivo.pdf","numero_catalogo"
"L0356","Las consignas de enseñanza de la lengua. Un análisis desde el interaccionismo socio-discursivo",12,"0939_Las consignas de enseñanza de la lengua. Un análisis desde el interaccionismo socio-discursivo.pdf","numero_catalogo"
"L0357","Pensamiento y lenguaje. Teoría del desarrollo cultural de las funciones psíquicas",11,"0944_Pensamiento y lenguaje. Teoría del desarrollo cultural de las funciones psíquicas.pdf","numero_catalogo"
"L0358","Pensamiento y lenguaje. Teoría del desarrollo cultural de las funciones psíquicas",12,"0944_Pensamiento y lenguaje. Teoría del desarrollo cultural de las funciones psíquicas.pdf","numero_catalogo"
"L0359","¡Judy Moody es doctora!",4,"0951_¡Judy Moody es doctora!.pdf","numero_catalogo"
"L0360","Aladino y la lámpara maravillosa",4,"0954_Aladino y la lámpara maravillosa.pdf","numero_catalogo"
"L0361","Androcles y el león (leyenda romana)",4,"0957_Androcles y el león (leyenda romana).pdf","numero_catalogo"
"L0362","Angélica",4,"0958_Angélica.pdf","numero_catalogo"
"L0363","Ásterix legionario",4,"0961_Ásterix legionario.pdf","numero_catalogo"
"L0364","Ásterix y Cleopatra",4,"0962_Ásterix y Cleopatra.pdf","numero_catalogo"
"L0365","Blancanieves",4,NA,"sin_archivo_para_numero"
"L0366","Canción del pirata",4,"0970_Canción del pirata.pdf","numero_catalogo"
"L0367","Cuentos araucanos. La gente de la tierra",4,"0975_Cuentos araucanos. La gente de la tierra.pdf","numero_catalogo"
"L0368","Cuentos para niños",4,"0976_Cuentos para niños.pdf","numero_catalogo"
"L0369","El burro flautista",4,"0985_El burro flautista.pdf","numero_catalogo"
"L0370","El diario de un gato asesino",4,"0991_El diario de un gato asesino.pdf","numero_catalogo"
"L0371","El enano saltarín (Rumpelstilzchen",4,"0992_El enano saltarín (Rumpelstilzchen.pdf","numero_catalogo"
"L0372","El flautista de Hamelin",4,"0994_El flautista de Hamelin.pdf","numero_catalogo"
"L0373","El gallito de oro",4,"0995_El gallito de oro.pdf","numero_catalogo"
"L0374","El gigante egoísta",4,"0996_El gigante egoísta.pdf","numero_catalogo"
"L0375","El patito feo",4,"1001_El patito feo.pdf","numero_catalogo"
"L0376","El pequeño zorro hambriento",4,"1002_El pequeño zorro hambriento.pdf","numero_catalogo"
"L0377","El príncipe Guildón y la bella princesa Cisne",4,NA,"sin_archivo_para_numero"
"L0378","El ruiseñor",4,"1007_El ruiseñor.pdf","numero_catalogo"
"L0379","El soldadito de plomo",4,"1010_El soldadito de plomo.pdf","numero_catalogo"
"L0380","El terror del sexto B",4,"1011_El terror del sexto B.pdf","numero_catalogo"
"L0381","El tigre negro y el venado blanco",4,"1012_El tigre negro y el venado blanco.pdf","numero_catalogo"
"L0382","El túnel",4,"1013_El túnel.pdf","numero_catalogo"
"L0383","Fray Perico y su borrico",4,"1019_Fray Perico y su borrico.pdf","numero_catalogo"
"L0384","Ícaro y Dédalo (mito griego",4,"1027_Ícaro y Dédalo (mito griego.pdf","numero_catalogo"
"L0385","La bella y la bestia",4,"1032_La bella y la bestia.pdf","numero_catalogo"
"L0386","La caperucita roja",4,"1036_La caperucita roja.pdf","numero_catalogo"
"L0387","La caperucita roja",4,"1037_La caperucita roja.pdf","numero_catalogo"
"L0388","La creación del mundo (mito mapuche)",4,"1040_La creación del mundo (mito mapuche).pdf","numero_catalogo"
"L0389","La leyenda del Pehuén (leyenda mapuche)",4,"1047_La leyenda del Pehuén (leyenda mapuche).pdf","numero_catalogo"
"L0390","La nariz",4,"1051_La nariz.pdf","numero_catalogo"
"L0391","La pluma del halcón altanero",4,"1055_La pluma del halcón altanero.pdf","numero_catalogo"
"L0392","La serpiente blanca",4,"1058_La serpiente blanca.pdf","numero_catalogo"
"L0393","La verdadera historia de los tres cerditos",4,NA,"sin_archivo_para_numero"
"L0394","La zarevna muerta y los siete guerreros",4,"1060_La zarevna muerta y los siete guerreros.pdf","numero_catalogo"
"L0395","Las tres mentiras",4,"1066_Las tres mentiras.pdf","numero_catalogo"
"L0396","Leyenda del copihue (leyenda mapuche)",4,"1070_Leyenda del copihue (leyenda mapuche).pdf","numero_catalogo"
"L0397","Los duraznos",4,"1073_Los duraznos.pdf","numero_catalogo"
"L0398","Medusa (mito griego)",4,"1082_Medusa (mito griego).pdf","numero_catalogo"
"L0399","Simbad el marino (Las mil y una noches)",4,"1101_Simbad el marino (Las mil y una noches).pdf","numero_catalogo"
"L0400","Un elefante ocupa mucho espacio",4,"1106_Un elefante ocupa mucho espacio.pdf","numero_catalogo"
"L0401","Un ladrón entre nosotros",4,"1107_Un ladrón entre nosotros.pdf","numero_catalogo"
"L0402","Un puñado de semillas",4,"1109_Un puñado de semillas.pdf","numero_catalogo"
"L0403","Antiguo Testamento",4,"1113_Antiguo Testamento.pdf","numero_catalogo"
"L0404","Antiguo Testamento",6,"1113_Antiguo Testamento.pdf","numero_catalogo"
"L0405","Antiguo Testamento",7,"1113_Antiguo Testamento.pdf","numero_catalogo"
"L0406","¿Sueñan los androides con ovejas eléctricas?",12,"1115_Sueñan los androides con ovejas eléctricas.pdf","numero_catalogo"
"L0407","1984",12,"1116_1984.pdf","numero_catalogo"
"L0408","A partir de Manhattan",12,"1117_A partir de Manhattan.pdf","numero_catalogo"
"L0409","A puerta cerrada",12,"1118_A puerta cerrada.pdf","numero_catalogo"
"L0410","Benito Cereno",12,"1119_Benito Cereno.pdf","numero_catalogo"
"L0411","Boquitas pintadas",12,"1120_Boquitas pintadas.pdf","numero_catalogo"
"L0412","Caín",12,"1121_Caín.pdf","numero_catalogo"
"L0413","Cipango",12,"1125_Cipango.pdf","numero_catalogo"
"L0414","Conversación en La Catedral",12,"1126_Conversación en La Catedral.pdf","numero_catalogo"
"L0415","Crimen y castigo",12,"1127_Crimen y castigo.pdf","numero_catalogo"
"L0416","De amor y de sombra",12,"1129_De amor y de sombra.pdf","numero_catalogo"
"L0417","Del amor y otros demonios",12,"1132_Del amor y otros demonios.pdf","numero_catalogo"
"L0418","Desastres íntimos",12,"1133_Desastres íntimos.pdf","numero_catalogo"
"L0419","Desde el jardín",12,"1134_Desde el jardín.pdf","numero_catalogo"
"L0420","Duna",12,"1136_Duna.pdf","numero_catalogo"
"L0421","El Aleph",12,"1138_El Aleph.pdf","numero_catalogo"
"L0422","El astillero",12,"1139_El astillero.pdf","numero_catalogo"
"L0423","El baile",12,"1140_El baile.pdf","numero_catalogo"
"L0424","El cepillo de dientes",12,"1142_El cepillo de dientes.pdf","numero_catalogo"
"L0425","El cerdito",12,"1143_El cerdito.pdf","numero_catalogo"
"L0426","El denario del sueño",12,"1144_El denario del sueño.pdf","numero_catalogo"
"L0427","El drama del desencantado",12,"1145_El drama del desencantado.pdf","numero_catalogo"
"L0428","El extranjero",12,"1147_El extranjero.pdf","numero_catalogo"
"L0429","El libro de arena",12,"1149_El libro de arena.pdf","numero_catalogo"
"L0430","El llano en llamas",12,"1150_El llano en llamas.pdf","numero_catalogo"
"L0431","El otro yo",12,"1151_El otro yo.pdf","numero_catalogo"
"L0432","El padre mío",12,"1152_El padre mío.pdf","numero_catalogo"
"L0433","El rastro",12,"1154_El rastro.pdf","numero_catalogo"
"L0434","El vestido blanco",12,"1155_El vestido blanco.pdf","numero_catalogo"
"L0435","Ensayo sobre la ceguera",12,"1156_Ensayo sobre la ceguera.pdf","numero_catalogo"
"L0436","Espantapájaros",12,"1157_Espantapájaros.pdf","numero_catalogo"
"L0437","Fahrenheit 451",12,"1158_Fahrenheit 451.pdf","numero_catalogo"
"L0438","Flores oscuras",12,"1159_Flores oscuras.pdf","numero_catalogo"
"L0439","Fuegos",12,"1161_Fuegos.pdf","numero_catalogo"
"L0440","Hans Pozo",12,"1163_Hans Pozo.pdf","numero_catalogo"
"L0441","Kaddish para el hijo no nacido",12,"1166_Kaddish para el hijo no nacido.pdf","numero_catalogo"
"L0442","La bandera de Chile",12,"1168_La bandera de Chile.pdf","numero_catalogo"
"L0443","La casa de Asterión",12,"1170_La casa de Asterión.PDF","numero_catalogo"
"L0444","La ciudad lucía",12,"1171_La ciudad lucía.pdf","numero_catalogo"
"L0445","La maravillosa vida breve de Óscar Wao",12,"1173_La maravillosa vida breve de Óscar Wao.pdf","numero_catalogo"
"L0446","La muerte de Artemio Cruz",12,"1174_La muerte de Artemio Cruz.pdf","numero_catalogo"
"L0447","La palabra del mudo",12,"1177_La palabra del mudo.pdf","numero_catalogo"
"L0448","La señora Dalloway",12,"1178_La señora Dalloway.pdf","numero_catalogo"
"L0449","La señorita Cora",12,"1179_La señorita Cora.pdf","numero_catalogo"
"L0450","La última niebla",12,"1181_La última niebla.pdf","numero_catalogo"
"L0451","Las flores del mal",12,"1184_Las flores del mal.pdf","numero_catalogo"
"L0452","Las genealogías",12,"1185_Las genealogías.pdf","numero_catalogo"
"L0453","Leviatán",12,"1188_Leviatán.pdf","numero_catalogo"
"L0454","Lo que queda del día",12,"1190_Lo que queda del día.pdf","numero_catalogo"
"L0455","Los detectives salvajes",12,"1192_Los detectives salvajes.pdf","numero_catalogo"
"L0456","Los emigrados",12,"1193_Los emigrados.pdf","numero_catalogo"
"L0457","Madame Bovary",12,"1196_Madame Bovary.pdf","numero_catalogo"
"L0458","Operación masacre",12,"1203_Operación masacre.pdf","numero_catalogo"
"L0459","Otra vuelta de tuerca",12,"1204_Otra vuelta de tuerca.pdf","numero_catalogo"
"L0460","Óxido de Carmen",12,NA,"sin_archivo_para_numero"
"L0461","Pedro Páramo",12,"1206_Pedro Páramo.pdf","numero_catalogo"
"L0462","Poemas de amor",12,"1211_Poemas de amor.pdf","numero_catalogo"
"L0463","Siete días de la señora K.",12,"1215_Siete días de la señora K..pdf","numero_catalogo"
"L0464","Tres tristes tigres",12,"1217_Tres tristes tigres.pdf","numero_catalogo"
"L0465","Un tranvía llamado deseo",12,"1218_Un tranvía llamado deseo.pdf","numero_catalogo"
"L0466","Una historia del mundo en diez capítulos y medio",12,"1220_Una historia del mundo en diez capítulos y medio.pdf","numero_catalogo"
"L0467","Una sombra ya pronto serás",12,"1222_Una sombra ya pronto serás.pdf","numero_catalogo"
"L0468","Veinticuatro horas en la vida de una mujer",12,"1223_Veinticuatro horas en la vida de una mujer.pdf","numero_catalogo"
"L0469","Alí Baba y los cuarenta ladrones (Las mil y una noches)",5,"1232_Alí Baba y los cuarenta ladrones (Las mil y una noches).pdf","numero_catalogo"
"L0470","Amor a la vida",5,"1233_Amor a la vida.pdf","numero_catalogo"
"L0471","Asterix, el combate de los jefes",5,NA,"sin_archivo_para_numero"
"L0472","Charlie y la fábrica de chocolates",5,"1240_Charlie y la fábrica de chocolates.pdf","numero_catalogo"
"L0473","Después de veinte años",5,"1250_Después de veinte años.pdf","numero_catalogo"
"L0474","El asno descontento",5,"1252_El asno descontento.pdf","numero_catalogo"
"L0475","El burro que acarrea sal",5,"1253_El burro que acarrea sal.pdf","numero_catalogo"
"L0476","El día que Txeg Txeg y Kay Kay no se saludaron",5,"1255_El día que Txeg Txeg y Kay Kay no se saludaron.pdf","numero_catalogo"
"L0477","El hombre que contaba Historias",5,"1256_El hombre que contaba Historias.pdf","numero_catalogo"
"L0478","El lobo y el cabrito",5,"1258_El lobo y el cabrito.pdf","numero_catalogo"
"L0479","El oso, la mona y el cerdo",5,"1262_El oso, la mona y el cerdo.pdf","numero_catalogo"
"L0480","El pequeño elefante",5,"1263_El pequeño elefante.pdf","numero_catalogo"
"L0481","El pequeño escribiente florentino",5,"1264_El pequeño escribiente florentino.pdf","numero_catalogo"
"L0482","El pequeño Nicolás",5,"1265_El pequeño Nicolás.pdf","numero_catalogo"
"L0483","El traje nuevo del emperador",5,"1266_El traje nuevo del emperador.pdf","numero_catalogo"
"L0484","Episdio de los molinos de viento (Don Quijote de la Mancha)",5,"1268_Episdio de los molinos de viento (Don Quijote de la Mancha).pdf","numero_catalogo"
"L0485","Guillermo",5,"1271_Guillermo.pdf","numero_catalogo"
"L0486","Harry Potter y la piedra filosofal",5,"1272_Harry Potter y la piedra filosofal.pdf","numero_catalogo"
"L0487","Heidi",5,"1273_Heidi.pdf","numero_catalogo"
"L0488","Juan sin miedo",5,"1276_Juan sin miedo.pdf","numero_catalogo"
"L0489","La niña de los gansos",5,"1282_La niña de los gansos.pdf","numero_catalogo"
"L0490","Las babuchas fatídicas (Las mil y una noches)",5,"1284_Las babuchas fatídicas (Las mil y una noches).pdf","numero_catalogo"
"L0491","Las dos ranas (cuentos de la Pachatantra)",5,"1285_Las dos ranas (cuentos de la Pachatantra).pdf","numero_catalogo"
"L0492","Las telarañas de Carlota",5,"1287_Las telarañas de Carlota.pdf","numero_catalogo"
"L0493","Los cretinos",5,"1289_Los cretinos.pdf","numero_catalogo"
"L0494","Los dos amantes (leyenda mexicana precolombina)",5,"1291_Los dos amantes (leyenda mexicana precolombina).pdf","numero_catalogo"
"L0495","Los secuestradores de burros",5,"1292_Los secuestradores de burros.pdf","numero_catalogo"
"L0496","Nuestras sombras",5,"1297_Nuestras sombras.pdf","numero_catalogo"
"L0497","Sadako y las mil grullas de papel",5,"1305_Sadako y las mil grullas de papel.pdf","numero_catalogo"
"L0498","Trentren y Caicaivilú",5,"1308_Trentren y Caicaivilú.pdf","numero_catalogo"
"L0499","Ulises y el cíclope",5,"1310_Ulises y el cíclope.pdf","numero_catalogo"
"L0500","Un pacto con el diablo",5,"1311_Un pacto con el diablo.pdf","numero_catalogo"
"L0501","Rip Van Winkle",5,"1315_Rip Van Winkle.pdf","numero_catalogo"
"L0502","Rip Van Winkle",7,"1315_Rip Van Winkle.pdf","numero_catalogo"
"L0503","¿Buena suerte o mala suerte? (cuento sufí)",6,"1319_Buena suerte o mala suerte (cuento sufí).pdf","numero_catalogo"
"L0504","Aracné",6,"1323_Aracné.pdf","numero_catalogo"
"L0505","Capítulo XXV: donde se apunta la aventura del rebuzno (Don Quijote de la Mancha)",6,"1328_Capítulo XXV donde se apunta la aventura del rebuzno (Don Quijote de la Mancha).pdf","numero_catalogo"
"L0506","Colmillo Blanco",6,"1332_Colmillo Blanco.pdf","numero_catalogo"
"L0507","Corazón",6,"1333_Corazón.pdf","numero_catalogo"
"L0508","Cucho",6,"1335_Cucho.pdf","numero_catalogo"
"L0509","Cuentos clásicos de Andersen",6,"1337_Cuentos clásicos de Andersen.pdf","numero_catalogo"
"L0510","Cuentos mapuches del Lago Escondido",6,"1339_Cuentos mapuches del Lago Escondido.pdf","numero_catalogo"
"L0511","El Ankus del rey",6,"1343_El Ankus del rey.pdf","numero_catalogo"
"L0512","El cuarto de guardar",6,"1345_El cuarto de guardar.pdf","numero_catalogo"
"L0513","El huevo de yegua (Pedro Urdemales)",6,"1349_El huevo de yegua (Pedro Urdemales).pdf","numero_catalogo"
"L0514","El jardín secreto",6,"1350_El jardín secreto.pdf","numero_catalogo"
"L0515","El jinete sin cabeza",6,"1351_El jinete sin cabeza.pdf","numero_catalogo"
"L0516","El libro de la selva",6,"1353_El libro de la selva.pdf","numero_catalogo"
"L0517","El libro de los chicos enamorados",6,"1354_El libro de los chicos enamorados.pdf","numero_catalogo"
"L0518","El mapa imposible",6,"1356_El mapa imposible.pdf","numero_catalogo"
"L0519","El picapedrero (cuento popular chino)",6,"1359_El picapedrero (cuento popular chino).pdf","numero_catalogo"
"L0520","El picnic de las tortugas",6,NA,"sin_archivo_para_numero"
"L0521","El polizón de la Santa María",6,"1361_El polizón de la Santa María.pdf","numero_catalogo"
"L0522","El príncipe feliz",6,"1362_El príncipe feliz.pdf","numero_catalogo"
"L0523","El príncipe y el mendigo",6,"1363_El príncipe y el mendigo.pdf","numero_catalogo"
"L0524","El rescate del jefe Rojo",6,"1365_El rescate del jefe Rojo.pdf","numero_catalogo"
"L0525","El rey Midas",6,"1366_El rey Midas.pdf","numero_catalogo"
"L0526","El roto que engañó al diablo",6,"1367_El roto que engañó al diablo.pdf","numero_catalogo"
"L0527","Emilia en Chiloé",6,"1371_Emilia en Chiloé.pdf","numero_catalogo"
"L0528","Emilia y la dama negra",6,"1372_Emilia y la dama negra.pdf","numero_catalogo"
"L0529","En la ciudad de los Césares",6,"1373_En la ciudad de los Césares.pdf","numero_catalogo"
"L0530","Felicidad clandestina",6,"1375_Felicidad clandestina.pdf","numero_catalogo"
"L0531","Iván el imbécil",6,"1380_Iván el imbécil.pdf","numero_catalogo"
"L0532","Konrad",6,"1381_Konrad.pdf","numero_catalogo"
"L0533","La bolsa amarilla",6,"1383_La bolsa amarilla.pdf","numero_catalogo"
"L0534","La caja de Pandora",6,"1384_La caja de Pandora.pdf","numero_catalogo"
"L0535","La casa de muñecas",6,"1385_La casa de muñecas.pdf","numero_catalogo"
"L0536","La Cenicienta",6,"1387_La Cenicienta.pdf","numero_catalogo"
"L0537","La historia de Abdula, el mendigo ciego (en Las mil y una noches)",6,"1390_La historia de Abdula, el mendigo ciego (en Las mil y una noches).pdf","numero_catalogo"
"L0538","La historia interminable",6,"1392_La historia interminable.pdf","numero_catalogo"
"L0539","La rebelión de los robots",6,"1399_La rebelión de los robots.pdf","numero_catalogo"
"L0540","La reina de las nieves",6,"1400_La reina de las nieves.pdf","numero_catalogo"
"L0541","La Sirenita",6,"1402_La Sirenita.pdf","numero_catalogo"
"L0542","La tortuga gigante",6,NA,"sin_archivo_para_numero"
"L0543","La vendedora de fósforos",6,"1404_La vendedora de fósforos.pdf","numero_catalogo"
"L0544","Las aventuras del barón de Munchausen",6,"1406_Las aventuras del barón de Munchausen.pdf","numero_catalogo"
"L0545","Las crónicas de Narnia: El león, la bruja y el ropero",6,"1407_Las crónicas de Narnia El león, la bruja y el ropero.pdf","numero_catalogo"
"L0546","Los escarabajos vuelan al atardecer",6,"1415_Los escarabajos vuelan al atardecer.pdf","numero_catalogo"
"L0547","Los perros rojos",6,"1418_Los perros rojos.pdf","numero_catalogo"
"L0548","Malditas matemáticas",6,"1421_Malditas matemáticas.pdf","numero_catalogo"
"L0549","Matilda",6,"1422_Matilda.pdf","numero_catalogo"
"L0550","Momo",6,"1428_Momo.pdf","numero_catalogo"
"L0551","Mujercitas",6,"1429_Mujercitas.pdf","numero_catalogo"
"L0552","No somos irrompibles",6,"1430_No somos irrompibles.pdf","numero_catalogo"
"L0553","Pacha Pulai",6,"1433_Pacha Pulai.pdf","numero_catalogo"
"L0554","Papaíto piernas largas",6,"1434_Papaíto piernas largas.pdf","numero_catalogo"
"L0555","Platero y yo",6,"1435_Platero y yo.pdf","numero_catalogo"
"L0556","Rikki-tikki-tavi",6,"1438_Rikki-tikki-tavi.pdf","numero_catalogo"
"L0557","Robin Hood",6,"1439_Robin Hood.pdf","numero_catalogo"
"L0558","Socorro (varios cuentos)",6,"1443_Socorro (varios cuentos).pdf","numero_catalogo"
"L0559","Tom Sawyer",6,"1448_Tom Sawyer.pdf","numero_catalogo"
"L0560","Travesía infernal",6,"1449_Travesía infernal.pdf","numero_catalogo"
"L0561","Vassilissa la sabia (cuento popular ruso)",6,"1453_Vassilissa la sabia (cuento popular ruso).pdf","numero_catalogo"
"L0562","Mitos y leyendas de Chile",6,"1456_Mitos y leyendas de Chile.pdf","numero_catalogo"
"L0563","Mitos y leyendas de Chile",7,"1456_Mitos y leyendas de Chile.pdf","numero_catalogo"
"L0564","Cuentos escritos a máquina",6,"1460_Cuentos escritos a máquina.pdf","numero_catalogo"
"L0565","Cuentos escritos a máquina",8,"1460_Cuentos escritos a máquina.pdf","numero_catalogo"
"L0566","La pata de palo",6,"1461_La pata de palo.pdf","numero_catalogo"
"L0567","La pata de palo",8,"1461_La pata de palo.pdf","numero_catalogo"
"L0568","¿Estás ahí, Dios? Soy yo, Margaret",7,"1462_Estás ahí, Dios Soy yo, Margaret.pdf","numero_catalogo"
"L0569","Adiós al séptimo de línea",7,"1464_Adiós al séptimo de línea.pdf","numero_catalogo"
"L0570","Artemis Fowl",7,"1468_Artemis Fowl.pdf","numero_catalogo"
"L0571","Bajo la misma estrella",7,"1469_Bajo la misma estrella.pdf","numero_catalogo"
"L0572","Bibiana y su mundo",7,"1471_Bibiana y su mundo.pdf","numero_catalogo"
"L0573","Castilla",7,"1474_Castilla.pdf","numero_catalogo"
"L0574","Cinco panes de cebada",7,"1475_Cinco panes de cebada.pdf","numero_catalogo"
"L0575","Conejos blancos",7,"1478_Conejos blancos.pdf","numero_catalogo"
"L0576","Corazón de tinta",7,"1479_Corazón de tinta.pdf","numero_catalogo"
"L0577","Cuando me puse a pensar",7,"1483_Cuando me puse a pensar.pdf","numero_catalogo"
"L0578","Cuentos de amor, de locura y de muerte",7,"1486_Cuentos de amor, de locura y de muerte.pdf","numero_catalogo"
"L0579","Dos años de vacaciones",7,"1494_Dos años de vacaciones.pdf","numero_catalogo"
"L0580","Dos plagas, más el volcán Calbuco y el cambio tan bajo",7,"1495_Dos plagas, más el volcán Calbuco y el cambio tan bajo.pdf","numero_catalogo"
"L0581","El anillo",7,"1497_El anillo.pdf","numero_catalogo"
"L0582","El caballero de la carreta",7,"1499_El caballero de la carreta.pdf","numero_catalogo"
"L0583","El capitán Alatriste",7,"1500_El capitán Alatriste.pdf","numero_catalogo"
"L0584","El capitán Alatriste",7,"1501_El capitán Alatriste.pdf","numero_catalogo"
"L0585","El caso del futbolista enmascarado",7,"1502_El caso del futbolista enmascarado.pdf","numero_catalogo"
"L0586","El conde Lucanor",7,"1505_El conde Lucanor.pdf","numero_catalogo"
"L0587","El corsario negro; La hija del corsario negro",7,"1506_El corsario negro; La hija del corsario negro.pdf","numero_catalogo"
"L0588","El dador",7,"1509_El dador.pdf","numero_catalogo"
"L0589","El delincuente",7,"1510_El delincuente.pdf","numero_catalogo"
"L0590","El extraño caso del doctor Jekyll y el señor Hyde",7,"1512_El extraño caso del doctor Jekyll y el señor Hyde.pdf","numero_catalogo"
"L0591","El extraño caso del doctor Jekyll y Mr. Hyde",7,"1513_El extraño caso del doctor Jekyll y Mr. Hyde.pdf","numero_catalogo"
"L0592","El fantasma de Canterville",7,"1514_El fantasma de Canterville.pdf","numero_catalogo"
"L0593","El ladrón del rayo",7,"1521_El ladrón del rayo.pdf","numero_catalogo"
"L0594","El libro de las tierras vírgenes",7,"1522_El libro de las tierras vírgenes.pdf","numero_catalogo"
"L0595","El libro del cementerio",7,"1523_El libro del cementerio.pdf","numero_catalogo"
"L0596","El niño con el pijama de rayas",7,"1526_El niño con el pijama de rayas.pdf","numero_catalogo"
"L0597","El perro que no sabía ladrar",7,"1528_El perro que no sabía ladrar.pdf","numero_catalogo"
"L0598","El Principito",7,"1530_El Principito.pdf","numero_catalogo"
"L0599","El último grumete de la Baquedano",7,"1534_El último grumete de la Baquedano.pdf","numero_catalogo"
"L0600","El vaso de leche",7,"1535_El vaso de leche.pdf","numero_catalogo"
"L0601","En la corte de mi padre",7,"1536_En la corte de mi padre.pdf","numero_catalogo"
"L0602","en Mitos griegos 1",7,"1537_en Mitos griegos 1.pdf","numero_catalogo"
"L0603","Eragon",7,"1538_Eragon.pdf","numero_catalogo"
"L0604","Fábula 11: los dos amigos",7,"1540_Fábula 11 los dos amigos.pdf","numero_catalogo"
"L0605","Famoso cohete",7,"1541_Famoso cohete.pdf","numero_catalogo"
"L0606","Fútbol a sol y sombra",7,"1543_Fútbol a sol y sombra.pdf","numero_catalogo"
"L0607","Génesis",7,"1544_Génesis.pdf","numero_catalogo"
"L0608","Ghostgirl",7,"1545_Ghostgirl.pdf","numero_catalogo"
"L0609","Gólem, el coloso de barro",7,"1546_Gólem, el coloso de barro.pdf","numero_catalogo"
"L0610","Historia de una gaviota y el gato que le enseñó a volar",7,"1551_Historia de una gaviota y el gato que le enseñó a volar.pdf","numero_catalogo"
"L0611","Inti y Mama Quilla",7,"1555_Inti y Mama Quilla.pdf","numero_catalogo"
"L0612","Kalfukura",7,"1558_Kalfukura.pdf","numero_catalogo"
"L0613","La casa del juez",7,"1562_La casa del juez.pdf","numero_catalogo"
"L0614","La colina de Watership",7,"1563_La colina de Watership.pdf","numero_catalogo"
"L0615","La composición",7,"1564_La composición.pdf","numero_catalogo"
"L0616","La decisión de Randolph Carter",7,"1566_La decisión de Randolph Carter.pdf","numero_catalogo"
"L0617","La gran Gilly Hopkins",7,"1568_La gran Gilly Hopkins.pdf","numero_catalogo"
"L0618","La hija del corsario negro",7,"1569_La hija del corsario negro.pdf","numero_catalogo"
"L0619","La historia de Hércules",7,"1570_La historia de Hércules.pdf","numero_catalogo"
"L0620","La historia de Hércules",7,NA,"sin_archivo_para_numero"
"L0621","La huella del Dragón. Cuentos populares chinos",7,"1572_La huella del Dragón. Cuentos populares chinos.pdf","numero_catalogo"
"L0622","La leyenda de Al-Qit",7,"1574_La leyenda de Al-Qit.pdf","numero_catalogo"
"L0623","La mano",7,"1575_La mano.pdf","numero_catalogo"
"L0624","La noche del Samurai: cuentos populares japoneses",7,"1578_La noche del Samurai cuentos populares japoneses.pdf","numero_catalogo"
"L0625","La pata de mono",7,"1579_La pata de mono.pdf","numero_catalogo"
"L0626","Las metamorfosis",7,"1582_Las metamorfosis.pdf","numero_catalogo"
"L0627","Las minas del rey Salomón",7,"1583_Las minas del rey Salomón.pdf","numero_catalogo"
"L0628","Las minas del rey Salomón",7,"1584_Las minas del rey Salomón.pdf","numero_catalogo"
"L0629","Leyendas y cuentos indígenas de Hispanoamérica",7,"1588_Leyendas y cuentos indígenas de Hispanoamérica.pdf","numero_catalogo"
"L0630","Los conquistadores de la Antártida",7,NA,"sin_archivo_para_numero"
"L0631","Los mejores relatos de terror llevados al cine",7,"1593_Los mejores relatos de terror llevados al cine.pdf","numero_catalogo"
"L0632","Mágico sur",7,"1597_Mágico sur.pdf","numero_catalogo"
"L0633","Memoria del fuego I: Los nacimientos",7,"1599_Memoria del fuego I Los nacimientos.pdf","numero_catalogo"
"L0634","Mi planta de naranja lima",7,"1600_Mi planta de naranja lima.pdf","numero_catalogo"
"L0635","Mitos de memoria del fuego",7,"1605_Mitos de memoria del fuego.pdf","numero_catalogo"
"L0636","Mitos griegos",7,"1606_Mitos griegos.pdf","numero_catalogo"
"L0637","Momentos estelares de la humanidad",7,"1607_Momentos estelares de la humanidad.pdf","numero_catalogo"
"L0638","No se culpe a nadie",7,"1609_No se culpe a nadie.PDF","numero_catalogo"
"L0639","Nuevo testamento",7,"1610_Nuevo testamento.pdf","numero_catalogo"
"L0640","Piel de asno",7,"1614_Piel de asno.pdf","numero_catalogo"
"L0641","Poema de Hua Mulán",7,"1615_Poema de Hua Mulán.pdf","numero_catalogo"
"L0642","Popol Vuh",7,"1618_Popol Vuh.pdf","numero_catalogo"
"L0643","Puente a Terabithia",7,"1619_Puente a Terabithia.pdf","numero_catalogo"
"L0644","Quique Hache, detective",7,"1620_Quique Hache, detective.pdf","numero_catalogo"
"L0645","Quique Hache. El caballo fantasma",7,"1621_Quique Hache. El caballo fantasma.pdf","numero_catalogo"
"L0646","Quique Hache. El mall embrujado y otras historias",7,"1622_Quique Hache. El mall embrujado y otras historias.pdf","numero_catalogo"
"L0647","Rig Veda",7,"1625_Rig Veda.pdf","numero_catalogo"
"L0648","Robin Hood",7,"1626_Robin Hood.pdf","numero_catalogo"
"L0649","Robin Hood",7,"1627_Robin Hood.pdf","numero_catalogo"
"L0650","Si",7,"1633_Si.pdf","numero_catalogo"
"L0651","Stardust",7,"1658_Stardust.pdf","numero_catalogo"
"L0652","Trilogía de Fairy Oak",7,"1666_Trilogía de Fairy Oak.pdf","numero_catalogo"
"L0653","Un destripador de antaño",7,"1667_Un destripador de antaño.pdf","numero_catalogo"
"L0654","Un viejo que leía novelas de amor",7,"1670_Un viejo que leía novelas de amor.pdf","numero_catalogo"
"L0655","Vencidos",7,"1671_Vencidos.pdf","numero_catalogo"
"L0656","Vuelo Nocturno",7,"1674_Vuelo Nocturno.pdf","numero_catalogo"
"L0657","Yo soy Malala",7,"1676_Yo soy Malala.pdf","numero_catalogo"
"L0658","Sub-Terra",7,"1685_Sub-Terra.pdf","numero_catalogo"
"L0659","Sub-Terra",10,"1685_Sub-Terra.pdf","numero_catalogo"
"L0660","La Odisea",7,"1686_La Odisea.pdf","numero_catalogo"
"L0661","La Odisea",11,"1686_La Odisea.pdf","numero_catalogo"
"L0662","La Araucana",7,"1688_La Araucana.pdf","numero_catalogo"
"L0663","La Araucana",8,"1688_La Araucana.pdf","numero_catalogo"
"L0664","La Ilíada",7,"1689_La Ilíada.pdf","numero_catalogo"
"L0665","La Ilíada",8,"1689_La Ilíada.pdf","numero_catalogo"
"L0666","Don Quijote de la Mancha: primera parte",7,"1695_Don Quijote de la Mancha primera parte.pdf","numero_catalogo"
"L0667","Don Quijote de la Mancha: primera parte",8,"1695_Don Quijote de la Mancha primera parte.pdf","numero_catalogo"
"L0668","Don Quijote de la Mancha: primera parte",10,"1695_Don Quijote de la Mancha primera parte.pdf","numero_catalogo"
"L0669","Sub-Sole",7,"1697_Sub-Sole.pdf","numero_catalogo"
"L0670","Sub-Sole",8,"1697_Sub-Sole.pdf","numero_catalogo"
"L0671","Sub-Sole",10,"1697_Sub-Sole.pdf","numero_catalogo"
"L0672","Alicia en el País de las Maravillas",8,"1698_Alicia en el País de las Maravillas.pdf","numero_catalogo"
"L0673","Beowulf",8,"1702_Beowulf.pdf","numero_catalogo"
"L0674","Como en Santiago",8,"1704_Como en Santiago.pdf","numero_catalogo"
"L0675","Crónicas marcianas",8,"1705_Crónicas marcianas.pdf","numero_catalogo"
"L0676","Cuentos judíos de la aldea de Chelm",8,"1706_Cuentos judíos de la aldea de Chelm.pdf","numero_catalogo"
"L0677","Cuentos judíos de la aldea de Chelm",8,"1707_Cuentos judíos de la aldea de Chelm.pdf","numero_catalogo"
"L0678","Cyrano de Bergerac",8,"1708_Cyrano de Bergerac.pdf","numero_catalogo"
"L0679","Divina comedia",8,"1712_Divina comedia.pdf","numero_catalogo"
"L0680","Dos pesos de agua",8,"1714_Dos pesos de agua.pdf","numero_catalogo"
"L0681","El avaro",8,"1715_El avaro.pdf","numero_catalogo"
"L0682","El bigote del tigre",8,"1716_El bigote del tigre.pdf","numero_catalogo"
"L0683","El candor del padre Brown",8,"1717_El candor del padre Brown.pdf","numero_catalogo"
"L0684","El cantar de Rolando",8,"1718_El cantar de Rolando.pdf","numero_catalogo"
"L0685","El contador de historias",8,"1720_El contador de historias.pdf","numero_catalogo"
"L0686","El enfermo imaginario",8,"1721_El enfermo imaginario.pdf","numero_catalogo"
"L0687","El fugitivo",8,"1722_El fugitivo.pdf","numero_catalogo"
"L0688","El fugitivo",8,"1723_El fugitivo.pdf","numero_catalogo"
"L0689","El perro y el caballo",8,"1724_El perro y el caballo.pdf","numero_catalogo"
"L0690","El ruiseñor y la rosa",8,"1725_El ruiseñor y la rosa.pdf","numero_catalogo"
"L0691","Entremés del mancebo que casó con mujer brava",8,"1726_Entremés del mancebo que casó con mujer brava.pdf","numero_catalogo"
"L0692","Éramos los elegidos del sol",8,"1727_Éramos los elegidos del sol.pdf","numero_catalogo"
"L0693","Homero. Ilíada",8,"1728_Homero. Ilíada.pdf","numero_catalogo"
"L0694","La araña",8,"1731_La araña.pdf","numero_catalogo"
"L0695","La Canción de los Nibelungos",8,"1732_La Canción de los Nibelungos.pdf","numero_catalogo"
"L0696","La dama de Shalott",8,"1733_La dama de Shalott.pdf","numero_catalogo"
"L0697","La desaparición de Honorato Subrac",8,"1734_La desaparición de Honorato Subrac.pdf","numero_catalogo"
"L0698","La Divina Comedia",8,"1735_Divina comedia.pdf","numero_catalogo"
"L0699","La fierecilla domada",8,"1736_La fierecilla domada.pdf","numero_catalogo"
"L0700","La melancólica muerte del chico Ostra",8,"1737_La melancólica muerte del chico Ostra.pdf","numero_catalogo"
"L0701","La olla",8,"1738_La olla.pdf","numero_catalogo"
"L0702","Libro de buen amor",8,"1741_Libro de buen amor.pdf","numero_catalogo"
"L0703","Los trabajos y los días",8,"1742_Los trabajos y los días.pdf","numero_catalogo"
"L0704","Muchos gatos para un solo crimen",8,"1743_Muchos gatos para un solo crimen.pdf","numero_catalogo"
"L0705","Obras completas",8,"1745_Obras completas.pdf","numero_catalogo"
"L0706","Poema de Mío Cid",8,"1748_Poema de Mío Cid.pdf","numero_catalogo"
"L0707","Poema del Mío Cid",8,"1749_Poema de Mío Cid.pdf","numero_catalogo"
"L0708","Quinoterapia",8,"1752_Quinoterapia.pdf","numero_catalogo"
"L0709","Relatos de lo inesperado",8,"1753_Relatos de lo inesperado.pdf","numero_catalogo"
"L0710","Setenta balcones y ninguna flor",8,"1754_Setenta balcones y ninguna flor.pdf","numero_catalogo"
"L0711","Solo las flores son nuestra riqueza",8,"1807_Solo las flores son nuestra riqueza.pdf","numero_catalogo"
"L0712","Tristán e Isolda",8,"1808_Tristán e Isolda.pdf","numero_catalogo"
"L0713","Viaje de un naturalista alrededor del Mundo en el navío de S.M Beagle",8,"1810_Viaje de un naturalista alrededor del Mundo en el navío de S.M Beagle.pdf","numero_catalogo"
"L0714","La Eneida",8,"1822_La Eneida.pdf","numero_catalogo"
"L0715","La Eneida",11,"1822_La Eneida.pdf","numero_catalogo"
"L0716","La hija del capitán",8,"1823_La hija del capitán.pdf","numero_catalogo"
"L0717","La hija del capitán",11,"1823_La hija del capitán.pdf","numero_catalogo"
"L0718","Los heraldos negros",8,"1825_Los heraldos negros.pdf","numero_catalogo"
"L0719","Los heraldos negros",12,"1825_Los heraldos negros.pdf","numero_catalogo"
"L0720","Los juegos del hambre",8,"1826_Los juegos del hambre.pdf","numero_catalogo"
"L0721","Los juegos del hambre",12,"1826_Los juegos del hambre.pdf","numero_catalogo"
