word,topic,annotator_note
isla,geografía,infraestructura urbana
piedras,ecosistema,
agradecemos,aprendizaje,
chacra,trabajo,
pascua,cultura/tradiciones,
casa,infraestructura urbana,
artística,expresión artística,
carne,cocina,
ancestros,cultura/tradiciones,
ayudamos,aprendizaje,
carreras,actividades,
corral,trabajo,
crecer,identidad,
globo,ecosistema,
hoyo,ecosistema,
infla,actividades,
lindas,descripciones,
machi,cultura/tradiciones,
plátanos,cocina,
salida,actividades,
verdes,descripciones,
verduras,cocina,
abuelo,relaciones,
niño,cotidiano,
persona,cotidiano,
invierno,ecosistema,
nuevo,descripciones,
sol,ecosistema,
aprender,aprendizaje,
asusta,sentimientos,
ceremonias,cultura/tradiciones,
madre,relaciones,
pescado,cocina,
vacas,ecosistema,
favorito,identidad,
lana,cotidiano,
papas,cocina,
hermanos,relaciones,
importante,aprendizaje,
cerca,descripciones,
blancas,descripciones,
cantar,expresión artística,
ceremonia,cultura/tradiciones,
hoy,experiencias,
nueva,descripciones,
pasear,actividades,
perro,ecosistema,
reina,descripciones,
año,experiencias,
vivimos,identidad,
gusta,identidad,
mar,ecosistema,
niña,cotidiano,
tierra,ecosistema,
adobe,trabajo,
aimaras,cultura/tradiciones,
ajo,cocina,
ají,cocina,
almejas,ecosistema,
alpaca,ecosistema,
alpacas,ecosistema,
altiplano,geografía,
amanecer,cotidiano,
amo,sentimientos,
andes,geografía,
apelo,actividades,
apoyamos,aprendizaje,
aros,cotidiano,
arpón,trabajo,
atardecer,cotidiano,
atunes,ecosistema,
atún,ecosistema,
balde,trabajo,
bucear,actividades,
calentita,descripciones,
calientes,descripciones,
canoas,trabajo,
caparazones,ecosistema,
celebro,cultura/tradiciones,
celeste,descripciones,
chaya,sin definir,
chistoso,sentimientos,
chistosos,sentimientos,
ciervo,ecosistema,
cogemos,sin definir,
colo,ecosistema,
colocamos,experiencias,
coloco,experiencias,
colorantes,expresión artística,
compartir,aprendizaje,
comparto,aprendizaje,
competencias,actividades,
comprar,trabajo,
comprarlas,trabajo,
congelado,descripciones,
conocida,descripciones,
corazón,cotidiano,
corderos,ecosistema,
cosechamos,trabajo,
cosechar,trabajo,
cosechas,trabajo,
costumbre,cultura/tradiciones,
creemos,identidad,
cría,trabajo,
cubrimos,experiencias,
cuerdas,trabajo,
cultivos,trabajo,
deliciosa,descripciones,
desierto,ecosistema,
dormir,cotidiano,
espinacas,cocina,
estero,ecosistema,
fajas,cotidiano,
fallecidos,salud/bienestar,
fallecía,salud/bienestar,
fantasma,cultura/tradiciones,
favoritos,identidad,
febrero,experiencias,
finos,descripciones,
floreo,cultura/tradiciones,
gris,descripciones,
guitarra,expresión artística,
hijos,relaciones,
hipe,geografía,
hoyitos,ecosistema,
huevos,cocina,
ingredientes,cocina,
inteligentes,descripciones,
intenta,aprendizaje,
juegan,actividades,
junio,experiencias,
justo,descripciones,
lagos,ecosistema,
levantaban,experiencias,
llamas,ecosistema,
lloviendo,ecosistema,
luche,cocina,
líder,trabajo,
mapuche,cultura/tradiciones,
mapuches,cultura/tradiciones,
mariscar,trabajo,
mariscos,cocina,
montar,actividades,
montaña,ecosistema,
niebla,ecosistema,
nubes,ecosistema,
océano,ecosistema,
ordeñar,trabajo,
pacífico,descripciones,
paisaje,geografía,
palos,cotidiano,
parcela,geografía,
pastor,trabajo,
patio,infraestructura urbana,
pelado,descripciones,
peligrosos,descripciones,
perejil,cocina,
pesados,descripciones,
pez,ecosistema,
piedra,ecosistema,
pimienta,cocina,
pito,geografía,
plantando,trabajo,
plantar,trabajo,
plata,cotidiano,
plato,cocina,
plumas,cotidiano,
porotos,cocina,
poza,ecosistema,
quebrada,geografía,
quilla,expresión artística,ropa
rano,ecosistema,
ratones,ecosistema,
rayo,ecosistema,
remar,actividades,
roa,geografía,
rural,geografía,
saltos,actividades,
saludamos,aprendizaje,
salvajes,descripciones,
seres,cultura/tradiciones,
solos,sentimientos,
sueño,identidad,
susto,sentimientos,
tallaban,experiencias,
tejer,expresión artística,
tejimos,experiencias,
telar,expresión artística,
terminar,sin definir,
tibia,descripciones,
tiburón,ecosistema,
tiña,actividades,juego
tortuga,ecosistema,
tradición,cultura/tradiciones,
trompe,expresión artística,instr
truchas,ecosistema,
técnica,trabajo,
ukelele,expresión artística,
uso,sin definir,
uta,trabajo,
vecino,relaciones,
venenosos,descripciones,
zorro,ecosistema,
colores,descripciones,
cura,salud/bienestar,
flores,ecosistema,
frutas,ecosistema,
gallinas,ecosistema,
ricas,descripciones,
teje,expresión artística,
trajes,expresión artística,
amigos,relaciones,
rica,descripciones,
llueve,ecosistema,
trabaja,trabajo,
vive,experiencias,
azules,descripciones,
bicicleta,actividades,
bonitos,descripciones,
buena,identidad,
caja,cotidiano,
cielo,ecosistema,
cuidamos,aprendizaje,
enfermos,salud/bienestar,
historias,experiencias,
maya,cultura/tradiciones,
pescar,trabajo,
pintamos,expresión artística,
pinturas,expresión artística,
sembrar,trabajo,
tarde,cotidiano,
tradicional,cultura/tradiciones,
traje,expresión artística,
ayudo,aprendizaje,
celebramos,cultura/tradiciones,
lugares,geografía,
mundo,geografía,
acompañarlo,aprendizaje,
atrapamos,experiencias,
atrapar,actividades,
ayudarlo,aprendizaje,
ayudemos,aprendizaje,
bailo,expresión artística,
bandeja,cotidiano,
barco,trabajo,
batería,expresión artística,
bendiciones,cultura/tradiciones,
bosques,ecosistema,
buenas,identidad,
café,descripciones,
caliente,descripciones,
canta,expresión artística,
capa,cotidiano,
cargar,trabajo,
cariño,sentimientos,
cebolla,cocina,
chanchos,ecosistema,
chico,descripciones,
cilantro,cocina,
coman,cocina,
competencia,actividades,
conversar,relaciones,
cordero,ecosistema,
coronas,cotidiano,
corre,actividades,
cortar,trabajo,
cuero,trabajo,
dibujos,expresión artística,
elegimos,experiencias,
escuchamos,experiencias,
espada,ecosistema,pez
extraños,descripciones,
frontera,geografía,
gigantes,descripciones,
harina,cocina,
hermanito,relaciones,
juego,actividades,
juntamos,experiencias,
leche,cocina,
lindo,descripciones,
mañanas,cotidiano,
minga,cultura/tradiciones,
mote,cocina,
naturales,ecosistema,
necesita,sentimientos,
negras,descripciones,
palitos,cotidiano,
paya,aprendizaje,
pescamos,experiencias,
pinta,expresión artística,
pintan,expresión artística,
pollo,cocina,
pompones,cotidiano,acaaa
pájaros,ecosistema,
rato,experiencias,
recuerdan,experiencias,
regar,trabajo,
respeto,aprendizaje,
rey,cultura/tradiciones,
ríos,ecosistema,
sabe,aprendizaje,
saber,aprendizaje,
sagrada,cultura/tradiciones,
sagrados,cultura/tradiciones,
salir,actividades,
salud,salud/bienestar,
sembramos,trabajo,
taza,cocina,
tomate,cocina,
tostada,cocina,
tío,relaciones,
vertiente,ecosistema,
vestimos,experiencias,
visto,experiencias,
volcanes,ecosistema,
volcán,ecosistema,
zorros,ecosistema,
bailar,expresión artística,
conejo,ecosistema,
dios,cultura/tradiciones,
hierbas,ecosistema,
leyendas,cultura/tradiciones,
peces,ecosistema,
pongo,sin definir,
preparamos,trabajo,
rojas,descripciones,
tener,sin definir,
verano,ecosistema,
comida,cocina,
encanta,identidad,gustar
cuenta,experiencias,
viento,ecosistema,
mamá,relaciones,
animales,ecosistema,
bailamos,expresión artística,
comer,cocina,
plantas,ecosistema,
tata,relaciones,
vivo,identidad,
andar,actividades,
baile,expresión artística,
cae,sin definir,
gato,ecosistema,
juntos,relaciones,
lengua,cotidiano,
playa,ecosistema,
sombrero,cotidiano,
tortugas,ecosistema,
jugar,actividades,
lugar,geografía,
agüita,ecosistema,
antiguas,experiencias,
aprendiendo,aprendizaje,
buen,identidad,
cocina,cocina,
cocinar,cocina,
cola,descripciones,
contar,experiencias,
crece,salud/bienestar,
cuerpo,cotidiano,
estrellas,ecosistema,
forma,descripciones,
hablamos,relaciones,
partes,sin definir,
participamos,actividades,
pescados,ecosistema,
piscina,infraestructura urbana,
plantamos,trabajo,
recreo,actividades,
roja,descripciones,
semillas,ecosistema,
suena,descripciones,
tejido,expresión artística,
tocar,actividades,
tomar,actividades,
vida,ecosistema,
cosas,sin definir,
carnaval,cultura/tradiciones,
familia,relaciones,
frío,ecosistema,
fiesta,actividades,
comemos,cocina,
entretenido,sentimientos,
gustaría,identidad,
leña,trabajo,
música,expresión artística,
noche,cotidiano,
tradiciones,cultura/tradiciones,
vivir,salud/bienestar,
bonita,descripciones,
comunidad,relaciones,
árboles,ecosistema,
día,cotidiano,
escuela,aprendizaje,
gente,cotidiano,
adultos,cotidiano,
araucaria,ecosistema,
barcos,trabajo,
brasil,geografía,
cabras,ecosistema,
campo,ecosistema,
caña,ecosistema,
comparsa,cultura/tradiciones,
creo,identidad,
cuida,aprendizaje,
enseña,aprendizaje,
enseñan,aprendizaje,
enseñó,aprendizaje,
especial,identidad,
espíritu,cultura/tradiciones,
hermana,relaciones,
hombre,cotidiano,
instrumentos,trabajo,
lanchas,infraestructura urbana,
leer,aprendizaje,
lluvia,ecosistema,
negro,descripciones,
ofrendas,cultura/tradiciones,
pehuenche,cultura/tradiciones,
red,trabajo,
sagrado,cultura/tradiciones,
llamo,ecosistema,
caballos,ecosistema,
pelota,cotidiano,
bonito,descripciones,
personas,cotidiano,
arenas,ecosistema,
cabeza,cotidiano,
corriendo,actividades,
divertido,identidad,
dulces,cocina,
feliz,sentimientos,
fiestas,actividades,
gira,actividades,
laguna,ecosistema,
luna,ecosistema,
maní,cocina,
perrito,ecosistema,
pies,cotidiano,
pulseras,cotidiano,
salvador,geografía,
turistas,descripciones,
viernes,cotidiano,
yaguas,cultura/tradiciones,
árbol,ecosistema,
maíz,cocina,
rico,descripciones,
súper,descripciones,
abrazos,sentimientos,
abrigamos,cotidiano,
abrigarme,cotidiano,
abril,experiencias,
abuelas,relaciones,
acampar,actividades,
acaricié,actividades,
aceituna,cocina,
aceleración,sin definir,
acepten,aprendizaje,
acompañamos,aprendizaje,
acompañar,aprendizaje,
acompañarla,aprendizaje,
acordeón,expresión artística,
acostar,cotidiano,
acostumbrados,experiencias,
acostumbré,experiencias,
actuado,expresión artística,
administrador,trabajo,
adorno,descripciones,
adornos,descripciones,
afirmarse,sin definir,
afortunada,descripciones,
africana,cultura/tradiciones,
afrodescendientes,cultura/tradiciones,
agosto,experiencias,
agradecerles,aprendizaje,
agradecimiento,aprendizaje,
agricultura,trabajo,
aguaje,trabajo,
aguijones,descripciones,
aire,ecosistema,
aires,ecosistema,
alba,ecosistema,
alcohol,cocina,
alegres,sentimientos,
alegóricos,descripciones,
alimentarnos,cotidiano,
alimento,cocina,
altar,cultura/tradiciones,
amanece,cotidiano,
anacondas,ecosistema,
ancestrales,cultura/tradiciones,
angelitos,expresión artística,
anguila,ecosistema,
antigua,cultura/tradiciones,
antiguamente,cultura/tradiciones,
aplaude,sentimientos,
aprenderla,aprendizaje,
aprendimos,aprendizaje,
ara'pyau,actividades,
arañas,ecosistema,
arcoíris,ecosistema,
arenilla,ecosistema,
aretes,cotidiano,
armadillos,ecosistema,
armonía,descripciones,
arqueóloga,trabajo,
arquitectos,trabajo,
arrastran,experiencias,
artesana,trabajo,
artesanas,trabajo,
artesanías,expresión artística,
artificial,descripciones,
artificiales,descripciones,
asar,cocina,
asistimos,experiencias,
asustados,sentimientos,
atacama,geografía,
atrapa,actividades,
atrapan,actividades,
atrapas,actividades,
atrapen,actividades,
atrio,geografía,
austriacos,cultura/tradiciones,
autos,infraestructura urbana,
avena,cocina,
aventura,actividades,
aves,ecosistema,
aviones,infraestructura urbana,
avión,infraestructura urbana,
ayudan,aprendizaje,
ayudarla,aprendizaje,
ayudarle,aprendizaje,
ayudaron,aprendizaje,
ayude,aprendizaje,
ayudó,aprendizaje,
baila,expresión artística,
bailarines,trabajo,
bajón,expresión artística,instrumento
balón,cotidiano,
banana,cocina,
banda,trabajo,
bandera,cultura/tradiciones,
banderas,cultura/tradiciones,
bandurria,ecosistema,
barandas,infraestructura urbana,
barcazas,infraestructura urbana,
barra,cotidiano,
barrio,geografía,
basura,cotidiano,
baña,trabajo,
bañar,trabajo,
bañarse,cotidiano,
bebida,cocina,
bella,descripciones,
belleza,descripciones,
beso,sentimientos,
bisabuela,relaciones,
blancos,descripciones,
boina,cotidiano,
bolita,actividades,
bolitas,actividades,
bolsa,cotidiano,
bolsos,cotidiano,
bombo,expresión artística,
bondad,aprendizaje,
bonitas,descripciones,
bordado,expresión artística,
bordamos,expresión artística,
bordé,expresión artística,
bordó,expresión artística,
botada,descripciones,
botan,sin definir,
botarlas,sin definir,
botella,cotidiano,
botellas,cotidiano,
brasas,cotidiano,
brasileros,cultura/tradiciones,
brillo,descripciones,
brincamos,actividades,
brincar,actividades,
bruja,cultura/tradiciones,
bulla,descripciones,
burlan,descripciones,
bus,infraestructura urbana,
buscamos,actividades,
básico,descripciones,
caca,ecosistema,
calavera,cultura/tradiciones,
calceta,cotidiano,
calcetines,cotidiano,
calentarnos,actividades,
calentitas,descripciones,
calentito,descripciones,
calles,infraestructura urbana,
calmo,descripciones,
cama,cotidiano,
camarones,ecosistema,
cambian,descripciones,
cambiando,descripciones,
cambien,descripciones,
camioneta,infraestructura urbana,
camisa,cotidiano,
campanilla,cotidiano,
cancha,infraestructura urbana,
canción,expresión artística,
candela,cultura/tradiciones,
canoa,infraestructura urbana,
cansado,sentimientos,
cantaros,expresión artística,
cantos,expresión artística,
caparazón,ecosistema,
capital,geografía,
capítulo,experiencias,
cara,cotidiano,
carabinero,trabajo,
carambola,cocina,
carros,infraestructura urbana,
cartón,cotidiano,
caso,cocina,
cazador,trabajo,
cazamos,actividades,
cazuelas,cocina,
cebollas,cocina,
ceiba,ecosistema,
celebra,cultura/tradiciones,
celebraciones,cultura/tradiciones,
celular,cotidiano,
cenero,geografía,
cenote,geografía,
cenotes,geografía,
centollas,ecosistema,
cepillamos,trabajo,
cepillo,cotidiano,
cerbatanas,cultura/tradiciones,
cercano,relaciones,
cerdito,ecosistema,
cerdo,ecosistema,
cerrada,descripciones,
cerros,ecosistema,
chacha,ecosistema,
chaleco,cotidiano,
chapadas,descripciones,
chapita,cotidiano,
chapitas,cotidiano,
charcos,sin definir,
che,aprendizaje,
chica,descripciones,
chichones,salud/bienestar,
chino,cultura/tradiciones,
chiquita,descripciones,
chiquitas,descripciones,
chispa,cotidiano,
chocamos,experiencias,
claro,descripciones,
clase,aprendizaje,
climas,ecosistema,
cobra,ecosistema,
cocidos,cocina,
cocinado,cocina,
cocinamos,trabajo,
colación,cocina,
colegios,aprendizaje,
collar,cotidiano,
collares,cotidiano,
colombiana,cultura/tradiciones,
colombianos,cultura/tradiciones,
coloridas,descripciones,
coma,cocina,
comentar,relaciones,
comernos,cotidiano,
comeré,cotidiano,
cometas,ecosistema,
comimos,experiencias,
comparación,descripciones,
compartimos,aprendizaje,
compañeras,relaciones,
complicado,descripciones,
comprarse,actividades,
compró,experiencias,
computador,trabajo,
comía,experiencias,
comían,experiencias,
conciencia,aprendizaje,
conectándose,relaciones,
conejito,ecosistema,
confiar,aprendizaje,
congela,descripciones,
conocemos,aprendizaje,
conocen,aprendizaje,
conocer,aprendizaje,
conocerlas,aprendizaje,
conocidos,relaciones,
conocí,aprendizaje,
conseguían,experiencias,
consiste,descripciones,
construimos,trabajo,
construyendo,trabajo,
construyó,trabajo,
contamos,experiencias,
contando,actividades,
contenta,sentimientos,
conversamos,relaciones,
conversando,relaciones,
corona,cotidiano,
corremos,actividades,
cortina,cotidiano,
cortó,experiencias,
cosecha,trabajo,
costurera,trabajo,
creciendo,experiencias,
creen,cultura/tradiciones,
cremas,salud/bienestar,
criar,trabajo,
cristalina,descripciones,
cristo,cultura/tradiciones,
cuaderno,aprendizaje,
cuajo,descripciones,
cuentan,experiencias,
cueva,geografía,
cuidado,aprendizaje,
cuidadosa,descripciones,
cuidarse,salud/bienestar,salud y salud/bienestar
cuiden,aprendizaje,
culebras,ecosistema,
cultiva,trabajo,
cumpleaños,cultura/tradiciones,
curamos,trabajo,
curandera,trabajo,
curanderas,trabajo,
curiosos,descripciones,
curó,trabajo,
césped,ecosistema,
cómeme,sin definir,
danzas,expresión artística,
decidimos,experiencias,
dedo,cotidiano,
dejamos,experiencias,
delgada,descripciones,
deliciosas,descripciones,
demora,descripciones,
departamento,infraestructura urbana,
deporte,actividades,
desconocido,descripciones,
deslizamos,experiencias,
despeinada,descripciones,
dibujan,expresión artística,
dibujando,expresión artística,
dibujantes,trabajo,
dibujo,expresión artística,
dieran,aprendizaje,
diferencian,descripciones,
difuntos,salud/bienestar,
difícil,descripciones,
dinero,trabajo,
dionisia,cultura/tradiciones,
dioses,cultura/tradiciones,
dique,infraestructura urbana,
diseños,expresión artística,
disfracé,expresión artística,
disfrazamos,expresión artística,
disfrazan,actividades,
distinta,descripciones,
doctor,trabajo,
dolió,sentimientos,
dolor,sentimientos,
domingo,cotidiano,
domingos,cotidiano,
dominó,actividades,
dormimos,cotidiano,
dueños,trabajo,
educación,aprendizaje,
educados,aprendizaje,
elegidos,descripciones,
elegí,identidad,
elige,identidad,
embarcaciones,infraestructura urbana,
emplumada,descripciones,
encantador,identidad,
encebado,descripciones,
enciende,actividades,
encontró,experiencias,
encuentros,actividades,
energía,salud/bienestar,
enferman,salud/bienestar,
enfermas,salud/bienestar,
enfermedad,salud/bienestar,
enfermedades,salud/bienestar,
enfermera,trabajo,
engañando,aprendizaje,
enjabonar,trabajo,
enjuaga,trabajo,
enreda,descripciones,
ensayamos,aprendizaje,
enseñado,aprendizaje,
enseñarles,aprendizaje,
enseñaron,aprendizaje,
enseñe,aprendizaje,
entiendo,aprendizaje,
entorno,geografía,
entramos,experiencias,
entrega,trabajo,
entregan,trabajo,
entretenida,sentimientos,
envidiosos,descripciones,
envuelven,trabajo,
escaleras,infraestructura urbana,
escapa,actividades,
escapan,actividades,
escarcha,ecosistema,
escondernos,actividades,
escultor,trabajo,
esculturas,expresión artística,
espanten,sentimientos,
especiales,descripciones,
espinas,ecosistema,
esposo,relaciones,
espuelas,cultura/tradiciones,
espíritus,cultura/tradiciones,
esquirla,trabajo,
estaciones,ecosistema,
estadio,infraestructura urbana,
estanque,ecosistema,
estatuas,cultura/tradiciones,
estudia,aprendizaje,
estudiar,aprendizaje,
estómago,cotidiano,
evitar,sin definir,
existe,experiencias,
experimentos,actividades,
explotó,descripciones,
faldeo,cultura/tradiciones,
falleció,salud/bienestar,
falsas,descripciones,
familias,relaciones,
fantasías,identidad,
farmacia,infraestructura urbana,
faro,infraestructura urbana,
faroles,infraestructura urbana,
fea,descripciones,
feria,infraestructura urbana,
festejamos,cultura/tradiciones,
fibra,cotidiano,
fiebre,salud/bienestar,
flechas,cultura/tradiciones,
flojo,descripciones,
flota,descripciones,
folclórica,cultura/tradiciones,
fonda,cultura/tradiciones,
fondas,cultura/tradiciones,
formas,descripciones,
fresa,cocina,
frijoles,cocina,
frita,cocina,
fruto,ecosistema,
fuegos,actividades,
fuerza,descripciones,
fuma,descripciones,
fumigar,trabajo,
futuro,identidad,
física,aprendizaje,
galleta,cocina,
gallina,ecosistema,
ganado,ecosistema,
ganamos,experiencias,
ganar,experiencias,
ganaré,identidad,
gané,experiencias,
garras,descripciones,
gata,ecosistema,
gatos,ecosistema,
generar,actividades,
genial,identidad,
geniales,identidad,
gimnasio,infraestructura urbana,
globos,cotidiano,
golpea,actividades,
golpearlas,actividades,
golpeas,actividades,
gotas,ecosistema,
grabara,actividades,
grafitero,trabajo,
gruesa,descripciones,
grupo,relaciones,
grupos,relaciones,
guante,cotidiano,
guardar,trabajo,
guardianes,cultura/tradiciones,
guardián,cultura/tradiciones,
guaso,cultura/tradiciones,
guato,expresión artística,
gustaba,identidad,
gustaban,identidad,
habitaban,experiencias,
hablan,experiencias,
hablarles,relaciones,
haciéndolo,sin definir,
hagan,sin definir,
hambriento,descripciones,
hecha,descripciones,
helada,descripciones,
helados,cocina,
hembras,ecosistema,
hermoso,descripciones,
herramientas,trabajo,
hielo,ecosistema,
higos,cocina,
himno,cultura/tradiciones,
hombros,cotidiano,
hongo,ecosistema,
honor,aprendizaje,
hora,cotidiano,
hospital,infraestructura urbana,
huairuro,ecosistema,
huelen,descripciones,
huertas,trabajo,
huertos,trabajo,
huesos,ecosistema,
huevo,cocina,
humo,ecosistema,
idea,identidad,
idioma,cultura/tradiciones,
ignaciano,cultura/tradiciones,
increíble,identidad,
indio,cultura/tradiciones,
informar,aprendizaje,
ingleses,cultura/tradiciones,
injusto,sentimientos,
internado,infraestructura urbana,
invento,experiencias,
invernadas,ecosistema,
invito,aprendizaje,
jabones,salud/bienestar,
jaca,cocina,
jalma,cultura/tradiciones,
japón,geografía,
jefe,trabajo,
jugando,actividades,
jugos,cocina,
juguetean,actividades,
juguetón,descripciones,
julio,experiencias,
junta,relaciones,
junto,relaciones,
jurado,trabajo,
ka'a,ecosistema,
lanzar,actividades,
lanzarlas,actividades,
lata,sentimientos,
lavan,trabajo,
lee,actividades,
leemos,actividades,
lenguaje,aprendizaje,
lento,descripciones,
levantar,sin definir,
levantarnos,cotidiano,
levantaron,sin definir,
leyendo,actividades,
libres,descripciones,
libros,aprendizaje,
lima,geografía,
listo,descripciones,
llamaba,experiencias,
llamamos,experiencias,
llantén,geografía,
llega,descripciones,
llego,descripciones,
llegué,experiencias,
llegó,experiencias,
llevaba,experiencias,
llevan,trabajo,
llevarnos,sin definir,
llevo,trabajo,
llevárselos,sin definir,
llover,ecosistema,
llueva,ecosistema,
lluvias,ecosistema,
loica,ecosistema,
loza,cotidiano,
lápices,expresión artística,
macheteros,trabajo,
macho,ecosistema,
machos,ecosistema,
madres,relaciones,
maestra,relaciones,
majas,ecosistema,
malla,cotidiano,
maloca,geografía,
malos,descripciones,
maltratados,descripciones,
mama,relaciones,
mancha,descripciones,
mandarles,sin definir,
manilla,cotidiano,
manos,cotidiano,
mantener,aprendizaje,
manualidades,expresión artística,
manzana,cocina,
manzanilla,cocina,
maquetas,expresión artística,
marcadas,descripciones,
marcos,sin definir,
mariposa,ecosistema,
marzo,experiencias,
masa,cocina,
mataré,sentimientos,
mate,cocina,
matemáticas,aprendizaje,
matico,ecosistema,
mayo,experiencias,
mayoría,descripciones,
medalla,actividades,
medialunas,cocina,
medicina,salud/bienestar,
mejoramos,identidad,
mejores,identidad,
membrillo,cocina,
menor,descripciones,
menstruamos,salud/bienestar,
mercado,infraestructura urbana,
meses,experiencias,
metal,trabajo,
meten,sin definir,
metros,descripciones,
metían,experiencias,
mezclamos,trabajo,
microbio,ecosistema,
mira,actividades,
mirando,actividades,
mirar,actividades,
mojos,geografía,
molde,trabajo,
molido,cocina,
molino,trabajo,
monedas,cotidiano,
monederos,cotidiano,
monumentos,cultura/tradiciones,
moradas,geografía,
morado,descripciones,
moto,infraestructura urbana,
motocicleta,infraestructura urbana,
mover,trabajo,
moverla,trabajo,
muchacha,cotidiano,
mueren,salud/bienestar,
muerto,descripciones,
mueven,trabajo,
mujeres,cotidiano,
mundial,geografía,
murallas,infraestructura urbana,
murga,expresión artística,
murgas,expresión artística,
murió,descripciones,
muña,ecosistema,
mágico,cultura/tradiciones,
máquina,trabajo,
máscara,expresión artística,
máximo,descripciones,
médicos,trabajo,
músico,trabajo,
nace,salud/bienestar,
nacional,cultura/tradiciones,
nación,geografía,
nací,identidad,
nadador,trabajo,
nadando,actividades,
nahuas,cultura/tradiciones,
naranjas,cocina,
naranjo,descripciones,
nariz,cotidiano,
nativa,cultura/tradiciones,
natural,ecosistema,
navales,descripciones,
navegamos,actividades,
navegar,actividades,
navidad,cultura/tradiciones,
necesitamos,identidad,
neumáticos,infraestructura urbana,
nieves,ecosistema,
norte,geografía,
noviembre,experiencias,
números,aprendizaje,
obligaban,experiencias,
obra,trabajo,
ofrecieron,experiencias,
ofrenda,cultura/tradiciones,
olla,cocina,
olor,descripciones,
olores,descripciones,
olviden,aprendizaje,
once,cotidiano,
opción,sin definir,
operaria,trabajo,
orar,cultura/tradiciones,
ordenada,descripciones,
originario,cultura/tradiciones,
originarios,cultura/tradiciones,
orillas,sin definir,
orquesta,expresión artística,
oso,ecosistema,
pacas,ecosistema,
padres,relaciones,
pago,trabajo,
pajaritos,ecosistema,
paleontólogo,trabajo,
palmares,ecosistema,
pan,cocina,
pandemia,salud/bienestar,
pantalones,cotidiano,
pantufla,cotidiano,
pantuflas,cotidiano,
papel,cotidiano,
papás,relaciones,
parecen,descripciones,
parecidos,descripciones,
pareció,descripciones,
pared,infraestructura urbana,
paro,sin definir,
parque,infraestructura urbana,
parques,infraestructura urbana,
participan,actividades,
participar,actividades,
participo,actividades,
pasaban,experiencias,
pasado,experiencias,
pasando,experiencias,
pasaron,experiencias,
paseamos,actividades,
paseo,actividades,
pasto,ecosistema,
pasábamos,experiencias,
pasó,experiencias,
pata,ecosistema,
patas,ecosistema,
patasca,cocina,
patinar,actividades,
patines,cotidiano,
pañuelo,cotidiano,
pecho,cotidiano,
pedir,identidad,
pegajosa,descripciones,
pegamos,actividades,
pegué,actividades,
pelar,actividades,
pelea,actividades,
peleamos,actividades,
peligrosas,descripciones,
pepas,ecosistema,
pepitas,ecosistema,
perales,ecosistema,
perlitas,ecosistema,
persigue,actividades,
pertenecemos,identidad,
pertenezco,identidad,
pesadilla,sentimientos,
pesca,trabajo,
picaron,trabajo,
picota,trabajo,
pie,cotidiano,
piensa,identidad,
piensan,identidad,
pierna,cotidiano,
pieza,cotidiano,
pintado,descripciones,
pintando,expresión artística,
pintar,expresión artística,
pintó,experiencias,
pipa,cotidiano,
piratas,descripciones,
piraña,ecosistema,
pirañas,ecosistema,
pisadas,sin definir,
pise,experiencias,
piso,infraestructura urbana,
pisos,infraestructura urbana,
pitanga,cocina,
piña,cocina,
planeta,ecosistema,
planos,trabajo,
platos,cocina,
playas,ecosistema,
plaza,infraestructura urbana,
poderes,descripciones,
podido,sin definir,
podrás,sin definir,
podré,identidad,
polainas,cotidiano,
pollino,sin definir,
pollito,ecosistema,
poncho,cotidiano,
pondré,sin definir,
poner,sin definir,
pones,sin definir,
portero,trabajo,
pozas,ecosistema,
pozos,ecosistema,
preciosas,descripciones,
preguntaba,identidad,
prenderla,sin definir,
prepara,trabajo,
preparar,trabajo,
presentan,trabajo,
presta,aprendizaje,
prima,relaciones,
primaria,aprendizaje,
primera,descripciones,
primeros,descripciones,
primos,relaciones,
principio,aprendizaje,
probado,descripciones,
procesión,cultura/tradiciones,
productos,cotidiano,
profe,relaciones,
profundo,descripciones,
protección,aprendizaje,
protectores,cultura/tradiciones,
protegerse,salud/bienestar,
pueblos,cultura/tradiciones,
puerto,infraestructura urbana,
puntiagudas,descripciones,
punto,sin definir,
pura,aprendizaje,
pájaro,ecosistema,
pétalo,ecosistema,
quebrados,descripciones,
quebramos,experiencias,
quechua,cultura/tradiciones,
quedamos,experiencias,
quedar,sin definir,
quedarnos,sin definir,
quedaron,experiencias,
quedas,sin definir,
quema,descripciones,
queso,cocina,
quesos,cocina,
quieran,sentimientos,
químicos,trabajo,
radio,cotidiano,
ranas,ecosistema,
raras,descripciones,
raro,descripciones,
rasguñado,descripciones,
ratito,experiencias,
rayos,ecosistema,
realizamos,experiencias,
rebaño,trabajo,
recibieron,experiencias,
reciclar,aprendizaje,
reciclen,aprendizaje,
recitamos,expresión artística,
recoge,trabajo,
recogemos,trabajo,
recoger,trabajo,
recogerlas,trabajo,
recolecta,trabajo,
recolectar,trabajo,
recordamos,experiencias,
recorrer,actividades,
refrescante,descripciones,
refrescantes,descripciones,
regalona,sentimientos,
religión,cultura/tradiciones,
relleno,cocina,
remando,actividades,
remover,trabajo,
renovación,descripciones,
reparado,descripciones,
reparando,trabajo,
reparar,trabajo,
repique,expresión artística,
representan,descripciones,
rescatarlas,aprendizaje,
resfriado,salud/bienestar,
respetamos,aprendizaje,
respetó,aprendizaje,
restaurador,trabajo,
reunimos,relaciones,
revolvimos,trabajo,
riachuelo,ecosistema,
ribera,ecosistema,
ricos,descripciones,
ritmo,cotidiano,
ritual,cultura/tradiciones,
roba,aprendizaje,
robaban,aprendizaje,
roca,ecosistema,
rocas,ecosistema,
rodea,descripciones,
rodeado,descripciones,
rodear,actividades,
rogativa,cultura/tradiciones,
rompe,actividades,
rosadas,descripciones,
rosado,descripciones,
rosados,descripciones,
ruedas,cotidiano,
ruido,cotidiano,
ruidosos,descripciones,
ruta,geografía,
rutas,geografía,
rápidos,descripciones,
róbalos,ecosistema,
saben,aprendizaje,
sabor,cocina,
sabía,aprendizaje,
sacan,actividades,
sacar,actividades,
sacarlos,actividades,
sacaron,experiencias,
sales,cocina,
salga,sin definir,
salmones,ecosistema,
salpica,descripciones,
saltan,actividades,
salto,actividades,
salía,experiencias,
sanarlos,trabajo,
sandías,cocina,
santos,cultura/tradiciones,
secreta,descripciones,
secretos,relaciones,
selección,relaciones,
semilla,ecosistema,
semáforos,infraestructura urbana,
sensación,sentimientos,
sentamos,sin definir,
sentido,sentimientos,
septiembre,experiencias,
señor,cotidiano,
siembra,trabajo,
silencioso,descripciones,
sillas,cotidiano,
silvano,sin definir,apellido
simpática,sentimientos,
sola,sentimientos,
sonidos,cotidiano,
sopa,cocina,
sube,sin definir,
subir,actividades,
subirse,actividades,
subió,experiencias,
suelto,descripciones,
superhéroe,descripciones,
tabaco,cocina,
talismán,cultura/tradiciones,
talladas,expresión artística,
tallar,expresión artística,
tangará,cultura/tradiciones,
tapabocas,salud/bienestar,
tapan,trabajo,
tarro,cotidiano,
taxi,infraestructura urbana,
tazas,cocina,
techo,infraestructura urbana,
tejas,infraestructura urbana,
telares,expresión artística,
tele,cotidiano,
tema,relaciones,?
templo,cultura/tradiciones,
temáticas,aprendizaje,
tercero,sin definir,
terminamos,sin definir,
terremotos,ecosistema,
terrenos,ecosistema,
terrible,sentimientos,
territorio,geografía,
texturas,descripciones,
teñir,trabajo,
tierras,ecosistema,
tigres,ecosistema,
tijeras,trabajo,
timón,trabajo,
tinturas,expresión artística,
tira,actividades,
tiro,actividades,
tocamos,actividades,
tocando,actividades,
tocarlos,experiencias,
tolerantes,descripciones,
toma,actividades,
tomó,experiencias,
topa,descripciones,
torea,actividades,
torito,ecosistema,
trabajadoras,trabajo,
trabajando,trabajo,
traemos,trabajo,
traiciones,aprendizaje,
trajeron,experiencias,
tranquila,descripciones,
tranquilidad,descripciones,
tranquilo,descripciones,
tranquilos,descripciones,
trasladando,trabajo,
traspasó,descripciones,
traviesa,descripciones,
traídos,descripciones,
tribu,cultura/tradiciones,
trigo,cocina,
tumba,cultura/tradiciones,
turbia,descripciones,
té,cocina,
tíos,relaciones,
típica,descripciones,
típicos,descripciones,
vacaciones,experiencias,
valiente,descripciones,
valiosa,descripciones,
valora,aprendizaje,
valoramos,aprendizaje,
vampiro,cultura/tradiciones,
varazos,sin definir,
varilla,cotidiano,
varita,cotidiano,
vemos,actividades,
vendidos,descripciones,
venga,sin definir,
vengan,sin definir,
vengo,sin definir,
venirnos,experiencias,
ventana,cotidiano,
verdad,aprendizaje,
verde,descripciones,
verdura,cocina,
verlo,actividades,
verme,sin definir,
vernos,sin definir,
veterinario,trabajo,
veía,experiencias,
veían,experiencias,
vi,actividades,
video,expresión artística,
viejo,descripciones,
vine,experiencias,
vinieron,experiencias,
vio,experiencias,
violín,expresión artística,
visitar,actividades,
visitarlo,actividades,
visitarnos,actividades,
viviendo,experiencias,
vivía,experiencias,
volvemos,experiencias,
volé,experiencias,
vuelta,sin definir,
vueltas,sin definir,
vuelve,experiencias,
vuelves,sin definir,
vuelvo,experiencias,
yerba,cocina,
yuca,cocina,
yucateco,cultura/tradiciones,
zanahoria,cocina,
zapatos,cotidiano,
zócalo,infraestructura urbana,
ácida,descripciones,
águila,ecosistema,
época,experiencias,
cerro,ecosistema,
nieve,ecosistema,
tiempo,cotidiano,
abuelos,relaciones,
bahía,ecosistema,
caballo,ecosistema,
color,descripciones,
cosa,sin definir,
dice,experiencias,
dulce,descripciones,
fuerte,descripciones,
guaraní,cultura/tradiciones,
hermano,relaciones,
historia,experiencias,
hizo,experiencias,
miedo,sentimientos,
monte,ecosistema,
negros,cultura/tradiciones,
piñones,cocina,
abuela,relaciones,
papá,relaciones,
buscar,actividades,
días,cotidiano,
lancha,infraestructura urbana,
naturaleza,ecosistema,
ovejas,ecosistema,
abejas,ecosistema,
aburrido,sentimientos,
acuerdo,relaciones,
africanas,cultura/tradiciones,
agradece,aprendizaje,
aldea,relaciones,
alto,descripciones,
amarillas,descripciones,
amarillo,descripciones,
anaconda,ecosistema,
antepasados,cultura/tradiciones,
aprendemos,aprendizaje,
aprendí,aprendizaje,
arica,geografía,
arquitecto,trabajo,
artesanos,trabajo,
artistas,trabajo,
asado,cocina,
asustan,sentimientos,
ayuda,aprendizaje,
ayudar,aprendizaje,
azul,descripciones,
aún,sin definir,
bailando,expresión artística,
bailarinas,trabajo,
ballena,ecosistema,
barro,ecosistema,
bautista,cultura/tradiciones,
bañamos,trabajo,
baño,cotidiano,
bebé,cotidiano,
bolsas,cotidiano,
bordados,expresión artística,
bordar,expresión artística,
bosque,ecosistema,
bota,cotidiano,
botas,cotidiano,
bote,infraestructura urbana,
bueno,descripciones,
buenos,descripciones,
cacao,cocina,
calabaza,cocina,
calienta,descripciones,
cambiar,identidad,
campanas,cotidiano,
cantamos,expresión artística,
casas,infraestructura urbana,
cascabel,cotidiano,
cascabeles,cotidiano,
castillo,infraestructura urbana,
cazadores,trabajo,
centro,descripciones,
chilenos,cultura/tradiciones,
chinchorro,cultura/tradiciones,
chocolate,cocina,
coco,cocina,
colegio,aprendizaje,
comidas,cocina,
comparsas,cultura/tradiciones,
compañeros,relaciones,
compiten,actividades,
conmigo,relaciones,
conoce,aprendizaje,
convirtió,experiencias,
correr,actividades,
cortamos,actividades,
costumbres,cultura/tradiciones,
cruz,cultura/tradiciones,
cuasimodo,cultura/tradiciones,
cuento,actividades,
cuentos,actividades,
cuerda,cotidiano,
cuidarlos,aprendizaje,
curanderos,cultura/tradiciones,
curar,trabajo,
cántaro,cotidiano,
delfines,ecosistema,
descansar,cotidiano,
dibujar,expresión artística,
dientes,cotidiano,
diferente,descripciones,
dijeron,experiencias,
dinosaurio,ecosistema,
dinosaurios,ecosistema,
divertida,sentimientos,
dorado,descripciones,
emocionada,sentimientos,
encantan,identidad,
encontrar,actividades,
enferma,salud/bienestar,
ensalada,cocina,
enseñar,aprendizaje,
entendí,aprendizaje,
espiritual,cultura/tradiciones,
estancia,infraestructura urbana,
estilo,descripciones,
etnia,cultura/tradiciones,
eucalipto,ecosistema,
extremo,descripciones,
falda,cotidiano,
fardos,trabajo,
favorita,identidad,
fogatas,cotidiano,
fruta,cocina,
gana,experiencias,
granada,cocina,
gritamos,actividades,
guano,ecosistema,
guayaba,cocina,
gustan,identidad,
guste,identidad,
gustó,identidad,
güiro,expresión artística,
hablar,relaciones,
haciendo,actividades,
hacían,experiencias,
hambre,sentimientos,
hembra,ecosistema,
hermanita,relaciones,
hicieron,experiencias,
hicimos,experiencias,
huele,descripciones,
iglesia,cultura/tradiciones,
iluminar,actividades,
instrumento,expresión artística,
jaguar,ecosistema,
juega,actividades,
juegos,actividades,
jugo,cocina,
juguetes,cotidiano,
juntan,actividades,
lascar,geografía,
lavar,trabajo,
león,ecosistema,
llamaban,experiencias,
llamado,descripciones,
llamó,experiencias,
llegamos,experiencias,
llegue,experiencias,
lleve,sin definir,
loco,sentimientos,
lucha,actividades,
mano,cotidiano,
manta,cotidiano,
mayas,cultura/tradiciones,
mañana,cotidiano,
medicinales,salud/bienestar,
medicinas,salud/bienestar,
meme,cultura/tradiciones,
mensaje,cotidiano,
mesa,cocina,
momias,cultura/tradiciones,
monos,ecosistema,
morir,salud/bienestar,
muerde,descripciones,
muertos,salud/bienestar,
mujer,cotidiano,
museo,infraestructura urbana,
músicos,trabajo,
nacido,experiencias,
nadar,actividades,
naranja,cocina,
naval,descripciones,
negra,descripciones,
niñas,cotidiano,
oca,ecosistema,
ojos,cotidiano,
orilla,sin definir,
oro,trabajo,
ovejero,trabajo,
palmera,ecosistema,
palo,cotidiano,
pantalón,cotidiano,
papaya,cocina,
paredes,infraestructura urbana,
partidos,actividades,
pasar,sin definir,
paso,sin definir,
pehuenches,cultura/tradiciones,
pelo,cotidiano,
pelotas,cotidiano,
pequeña,descripciones,
perrita,ecosistema,
pertenecer,cultura/tradiciones,
piano,expresión artística,
picante,descripciones,
picar,actividades,
pico,sin definir,
piel,cotidiano,
pintura,cotidiano,
pio,sin definir,
pirámide,cultura/tradiciones,
piñón,cocina,
plátano,cocina,
poder,descripciones,
pollitos,ecosistema,
premio,actividades,
primavera,ecosistema,
profesora,trabajo,
protege,aprendizaje,
puntos,sin definir,
puro,descripciones,
puso,experiencias,
quede,sin definir,
quiere,sentimientos,
recipiente,cotidiano,
risa,sentimientos,
rojo,descripciones,
rosa,descripciones,
rosario,cultura/tradiciones,
rápido,descripciones,
sabores,cocina,
sal,cocina,
saludar,aprendizaje,
salvar,aprendizaje,
santo,cultura/tradiciones,
selva,ecosistema,
semana,cotidiano,
serpiente,ecosistema,
serpientes,ecosistema,
señora,cotidiano,
siento,sentimientos,
sirven,descripciones,
suelo,ecosistema,
suerte,cultura/tradiciones,
sur,geografía,
taca'taca,actividades,taca-taca
tambor,expresión artística,
tigre,ecosistema,
tiñe,trabajo,
tocan,expresión artística,
tomamos,actividades,
tormenta,ecosistema,
tortillas,cocina,
trabajar,trabajo,
trabajo,trabajo,
tradicionales,cultura/tradiciones,
traversa,expresión artística,
trepar,actividades,
trompo,expresión artística,
tumbe,expresión artística,
usaba,descripciones,
usan,descripciones,
usar,descripciones,
valioso,descripciones,
vayan,actividades,
vendemos,trabajo,
venden,trabajo,
venimos,actividades,
verla,actividades,
vestido,cotidiano,
vestidos,cotidiano,
viaje,actividades,
vimos,actividades,
visitan,actividades,
visten,actividades,
volar,actividades,
yagua,geografía,
zanahorias,cocina,
áfrica,geografía,
años,identidad,edad
blanco,descripciones,
cultura,cultura/tradiciones,
diferentes,descripciones,
fuego,cotidiano,
hojas,ecosistema,
perros,ecosistema,
solo,sentimientos,
triste,sentimientos,
ver,actividades,
amigas,relaciones,
arroz,cocina,
atención,aprendizaje,
bailes,expresión artística,
blanca,descripciones,
camino,infraestructura urbana,
canicas,actividades,
cazar,actividades,
celebración,cultura/tradiciones,
ciudades,geografía,
clases,aprendizaje,
come,cocina,
cuidar,aprendizaje,
curso,aprendizaje,
damos,aprendizaje,
darle,aprendizaje,
distintos,aprendizaje,
ejemplo,descripciones,
enseño,aprendizaje,
entretenidas,sentimientos,
esclavos,descripciones,
estrella,ecosistema,
experiencia,experiencias,
extraño,descripciones,
flauta,expresión artística,
flor,ecosistema,
fogón,cotidiano,
frutos,cocina,
fútbol,actividades,
helado,cocina,
hermanitos,relaciones,
hoja,cotidiano,
hombres,cotidiano,
juntas,relaciones,
leyenda,cultura/tradiciones,
libre,descripciones,
limpiamos,trabajo,
limón,cocina,
linda,descripciones,
luz,ecosistema,
madera,ecosistema,
mata,ecosistema,
mejor,identidad,
miel,cocina,
negrito,descripciones,
nerviosa,sentimientos,
nombre,identidad,
palabras,aprendizaje,
papa,cocina,
país,geografía,
países,geografía,
pescadores,trabajo,
pienso,identidad,
planta,ecosistema,
rama,aprendizaje,
saco,cotidiano,
sanar,trabajo,
seca,descripciones,
tardes,cotidiano,
tía,relaciones,
valle,ecosistema,
ve,actividades,
vender,trabajo,
vendo,trabajo,
viva,sentimientos,
viven,experiencias,
volver,actividades,
íbamos,experiencias,
bien,descripciones,
calor,descripciones,
ciudad,geografía,
agua,ecosistema,
pueblo,geografía,
quiero,sentimientos,
cordillera,ecosistema,
río,ecosistema,
niños,cotidiano,
hace,sin definir,
jugamos,actividades,
significa,aprendizaje,
llama,ecosistema,
llamos,ecosistema,
anakena,geografía,
molulco,geografía,
rapanui,cultura/tradiciones,
curanto,cocina,
moais,cultura/tradiciones,
tapatí,cultura/tradiciones,
amú,cultura/tradiciones,
aymara,cultura/tradiciones,
aymaras,cultura/tradiciones,
aymará,cultura/tradiciones,
colchane,geografía,
hanga,sin definir,
huilliche,cultura/tradiciones,
iorana,aprendizaje,
lonko,cultura/tradiciones,
make,cultura/tradiciones,dios
moai,cultura/tradiciones,
muday,cocina,
nguillatún,cultura/tradiciones,
pachica,geografía,
sicuri,cultura/tradiciones,baile
titeve,ecosistema,
tripantu,cultura/tradiciones,
we,sin definir,
mari,cultura/tradiciones,
abrigadita,descripciones,
abrigaditos,descripciones,
aguaya,expresión artística,ropa
aguayos,expresión artística,ropa
ahu,cultura/tradiciones,
ahus,cultura/tradiciones,
aksu,expresión artística,traje
anakos,expresión artística,traje
araki,sin definir,
auch,sentimientos,
awuayos,expresión artística,traje
calchuri,geografía,
caléuche,cultura/tradiciones,
cebollín,cocina,
chapalele,cocina,
chilotas,cultura/tradiciones,
chilote,cultura/tradiciones,
choritos,cocina,
colita,sin definir,
conchitas,ecosistema,
cuyi,ecosistema,
enquelgá,geografía,
geysers,ecosistema,
grandote,descripciones,
guagua,cotidiano,
guatón,descripciones,
hame,sin definir,
hanapico,geografía,
henua,sin definir,
hoi,actividades,
huilliches,cultura/tradiciones,
ilo,sin definir,
jajaja,sentimientos,
juguito,cocina,
kalapurka,cocina,
kihea,sin definir,pintura
kimsa,aprendizaje,
korua,sin definir,
lat,sin definir,
list,sin definir,
lof,geografía,lugar
mahuidache,geografía,comunidad
maito,ecosistema,
mantao,cultura/tradiciones,dios
manuhe,ecosistema,pes
mapudungún,cultura/tradiciones,
micherén,cocina,
milcao,cocina,
newechen,cultura/tradiciones,dios
pachamama,cultura/tradiciones,
palta,cocina,
perejíl,cocina,
pici,ecosistema,
pifilka,expresión artística,instru
piko,geografía,
pitis,sin definir,conchitas
polera,cotidiano,
pudú,ecosistema,
pusi,aprendizaje,
quinoa,cocina,
quinán,sin definir,
raraku,ecosistema,
shaway,expresión artística,ropa
snorkel,cotidiano,
suavecita,descripciones,
sutri,ecosistema,
tamburé,cultura/tradiciones,
tamuré,cultura/tradiciones,
tapati,cultura/tradiciones,
tarapacá,geografía,
tañicucú,sin definir,
trapelakucha,expresión artística,ropa
trarihue,expresión artística,ropa
trarilonko,expresión artística,ropa
trutruka,expresión artística,
vaka,sin definir,canoas
yat,expresión artística,ropa
yi,expresión artística,ropa
ñaña,relaciones,
maiz,cocina,
catuto,cocina,
chiquitita,descripciones,
cuyis,ecosistema,
kultrún,expresión artística,
amazonía,ecosistema,
chururito,cultura/tradiciones,
covid,salud/bienestar,
itaoca,geografía,
lickanantai,cultura/tradiciones,
selknam,cultura/tradiciones,
shipibos,cultura/tradiciones,
verguenza,sentimientos,
abuelita,relaciones,
cantagallo,geografía,
kallawaya,geografía,
mojeños,cultura/tradiciones,
nylon,sin definir,
pichintún,sin definir,
abejitas,ecosistema,
abuelito,relaciones,
abuelitos,relaciones,
ácidas,descripciones,
aguita,ecosistema,
aji,cocina,
alifi,sin definir,
amarillito,descripciones,
amerinda,sin definir,
anzuelar,trabajo,
anzuelito,sin definir,
aracuan,ecosistema,
asael,sin definir,
asaye,sin definir,canasto
ayahuasca,cocina,
ayar,sin definir,
aylla,aprendizaje,
azapa,geografía,
azurupalla,aprendizaje,
bahinas,cultura/tradiciones,personas
berinbao,cultura/tradiciones,
betarraga,cocina,
blan,aprendizaje,
blanquitos,descripciones,
bomfim,sin definir,
braile,aprendizaje,
bufeos,ecosistema,
bully,sin definir,
cachay,aprendizaje,
cahuara,ecosistema,
caiquen,ecosistema,
cajita,sin definir,objeto
caldito,cocina,
calientita,descripciones,
canastito,sin definir,
canastitos,sin definir,
candomblé,cultura/tradiciones,
carnavalito,cultura/tradiciones,
cascahuillas,cultura/tradiciones,
catrina,cultura/tradiciones,
cauñicu,geografía,
cawelloco,geografía,
chacrita,trabajo,
chako,geografía,
chambira,ecosistema,
chanchitos,ecosistema,
charahuilla,expresión artística,traje
charazani,geografía,
charqui,cocina,
charquicán,cocina,
chavy,cocina,
chekeré,expresión artística,
chicazapote,cocina,
chichito,aprendizaje,
chilacayotes,cultura/tradiciones,
chinelo,cultura/tradiciones,traje
chinitos,descripciones,
chiquitica,descripciones,
chiquititos,descripciones,
chitunti,expresión artística,ropa
chivito,ecosistema,
choch,ecosistema,
choripán,cocina,
chullca,salud/bienestar,salud y salud/bienestar
churo,sin definir,
cháak,cultura/tradiciones,dios
colorín,sin definir,maqui
comidita,cocina,
contarselas,experiencias,
crianceros,trabajo,
cuadraditos,descripciones,
cuadritos,sin definir,objeto
cuartazo,descripciones,
cuasimodista,cultura/tradiciones,
cucunas,expresión artística,
cuernito,descripciones,
cunhá,sin definir,
curaca,cultura/tradiciones,
curita,trabajo,
cágado,ecosistema,
resfriamos,salud/bienestar,salud y salud/bienestar
despitados,sentimientos,
dió,aprendizaje,
epu,aprendizaje,
esquirlador,trabajo,
euta,sin definir,
figurines,cultura/tradiciones,
floreamientos,cultura/tradiciones,
freezbie,sin definir,juego
gabiola,cocina,
galopiar,actividades,
gatita,ecosistema,
hablarla,sin definir,
hanal,sin definir,
huasai,ecosistema,
huayrurito,sin definir,
huayruro,ecosistema,
huesillo,cocina,
humaita,geografía,
iansã,cultura/tradiciones,
icaros,cultura/tradiciones,
ichapekene,cultura/tradiciones,
iemanjá,cultura/tradiciones,
iguanos,ecosistema,
illapel,geografía,
irwi,cultura/tradiciones,
itapuá,geografía,
jamuy,aprendizaje,
jaxbil,expresión artística,
jenipapo,ecosistema,
jicaras,cocina,
juntitas,relaciones,
juriques,geografía,
kaja,cocina,
kallawayas,cultura/tradiciones,
kaláantej,aprendizaje,
katrina,cultura/tradiciones,
kayak,infraestructura urbana,
kayu,aprendizaje,
kechu,aprendizaje,
kenti,aprendizaje,
kiwi,cocina,
kiñe,aprendizaje,
konibo,cultura/tradiciones,
koti'jere,geografía,
kre'chenen,cultura/tradiciones,
kula,aprendizaje,
languetea,sin definir,
lauk'ana,trabajo,herram
lavablanca,geografía,
lavangen,cultura/tradiciones,fiesta
lechita,cocina,
lejísimo,descripciones,
licancabur,geografía,
linco,sin definir,
maayat'aano,aprendizaje,
mac,sin definir,
magallanes,geografía,
magallánica,cultura/tradiciones,
magallánico,cultura/tradiciones,
mami,relaciones,
mamita,relaciones,
mascotitas,relaciones,
mayoli,sin definir,
mbojapé,cocina,
mbya,sin definir,
meli,aprendizaje,
meliponarios,trabajo,abejas
meliponas,descripciones,
miski,aprendizaje,
mistli,aprendizaje,
momón,geografía,
mon,sin definir,
moperita,cultura/tradiciones,
mordelon,descripciones,
motacú,ecosistema,
motelos,ecosistema,anim
moxo,cultura/tradiciones,
muertitos,salud/bienestar,
multigrado,descripciones,
nano,sin definir,
nanã,cultura/tradiciones,
chao'ngenechen,cultura/tradiciones,dios
nhanderú,cultura/tradiciones,dios
noni,ecosistema,
nubecitas,ecosistema,
nujaire,aprendizaje,
nuti,aprendizaje,
ogum,cultura/tradiciones,
onas,cultura/tradiciones,
oxalá,cultura/tradiciones,
oxóss,cultura/tradiciones,
pa'puúl,cultura/tradiciones,
paisa,cocina,
pandeiro,cultura/tradiciones,
paoyhan,geografía,
papagallos,ecosistema,
papapica,sin definir,
papi,relaciones,
papita,cocina,
parranta,cocina,
patahoiri,cultura/tradiciones,
pañoleta,cotidiano,
pejerreyes,ecosistema,
peladitas,descripciones,
peluditas,descripciones,
peluditos,descripciones,
prensan,trabajo,
petroglifos,cultura/tradiciones,
petrolifos,cultura/tradiciones,
picharacuaya,aprendizaje,
picolé,cocina,
pierneras,cotidiano,
piesta,sin definir,
pinquillo,expresión artística,ins
piriguines,ecosistema,
pitita,sin definir,material
pixan,cultura/tradiciones,
plumitas,sin definir,material
pobrecita,descripciones,
poh,sin definir,
pollin,sin definir,
pollon,sin definir,
poquita,descripciones,
portuges,cultura/tradiciones,
primita,relaciones,
primito,relaciones,
queques,cocina,
quetzalcoatl,cultura/tradiciones,
quicavi,geografía,
quimal,geografía,
reinita,cotidiano,
renín,sin definir,
reqle,aprendizaje,
ropita,cotidiano,
rosadito,descripciones,
rímac,geografía,
sachavacas,ecosistema,
sajinos,ecosistema,
sakab,cocina,
scotch,sin definir,
sequia,ecosistema,
shampa,expresión artística,ropa
shapchico,cultura/tradiciones,leyenda
shekeré,expresión artística,
sobrinito,relaciones,
solita,sentimientos,
sombrerito,cotidiano,
sopita,cocina,
suavecito,descripciones,
sudao,descripciones,
sungaro,ecosistema,
surf,actividades,
tablet,sin definir,objeto
taj,sin definir,madera
tajlla,trabajo,herram
talabre,geografía,
taquara,ecosistema,
tarrafear,actividades,
tatá,relaciones,
techito,sin definir,
tecitos,cocina,
temáukel,sin definir,
teniamos,experiencias,
terreiro,geografía,
tintirinti,cultura/tradiciones,
tipoi,expresión artística,traje
tolilla,ecosistema,
tororó,geografía,
traguan,cultura/tradiciones,
trampolinada,actividades,
tranquilitos,descripciones,
transhumancia,cultura/tradiciones,
trini,sin definir,
ucayali,geografía,
unayas,cultura/tradiciones,curanderos
uvimutu,sin definir,
vaquita,ecosistema,
velitas,sin definir,objeto
velociraptor,ecosistema,
verdurita,cocina,
viboras,ecosistema,
vicarau,sin definir,
villar,actividades,
vinchas,expresión artística,ropa
viñu,geografía,
volantinear,actividades,
vulpi,cocina,
waaj,sin definir,
wasi,aprendizaje,
xangô,cultura/tradiciones,
xtabay,cultura/tradiciones,leyenda
yachaq,cultura/tradiciones,
yacumama,geografía,
yamekiri,aprendizaje,
yantan,aprendizaje,
yatires,cultura/tradiciones,curanderos
yatiri,cultura/tradiciones,
yo'k'aankaba,geografía,
yucatán,geografía,
yura,sin definir,
zumbi,cultura/tradiciones,
amarete,geografía,
añihue,geografía,
toconao,geografía,
airampo,ecosistema,
beli,sin definir,
bijao,cocina,
blanquita,descripciones,
bujurqui,cultura/tradiciones,
bío,geografía,
cafecitos,descripciones,
capoeira,cultura/tradiciones,
chedungún,cultura/tradiciones,
clotaria,sin definir,
criancera,trabajo,
criancero,trabajo,
cuernitos,descripciones,
digueñes,ecosistema,
goalball,actividades,
isireri,geografía,
iskani,geografía,
jakun,aprendizaje,
juane,cocina,
kené,cultura/tradiciones,tejido
lizardo,sin definir,
lorito,ecosistema,
maderita,ecosistema,
maracuyá,cocina,
masato,cocina,
matecitos,cocina,
metsa,aprendizaje,
mojeña,cultura/tradiciones,
mojeño,cultura/tradiciones,
moxos,geografía,
nahir,sin definir,
nahual,cultura/tradiciones,
naka,ecosistema,
opy,cultura/tradiciones,fiesta
orixás,cultura/tradiciones,dios
oxum,cultura/tradiciones,
pachio,cocina,
pancito,cocina,
pantrucas,cocina,
pate,cocina,
pinalería,ecosistema,
plantitas,ecosistema,
pucallpa,geografía,
shipibas,cultura/tradiciones,
tepozteco,geografía,
tepoztlán,geografía,
wira,salud/bienestar,salud y salud/bienestar
yucatan,geografía,
ñusta,cultura/tradiciones,
shipibo,geografía,
tipikal,geografía,
convierte,sin definir,
alemania,geografía,
portugal,geografía,
colombia,geografía,
chile,geografía,
perú,geografía,
argentina,geografía,
debemos,aprendizaje,
santiago,geografía,
chiloé,geografía,
bolivia,geografía,
bogotá,geografía,
temuco,geografía,
méxico,geografía,
masha,cultura/tradiciones,baile
richi,actividades,juego
achu,cultura/tradiciones,
jere,geografía,
toca,expresión artística,
podemos,aprendizaje,
ponemos,experiencias,
hondo,descripciones,
dirige,trabajo,
vamos,actividades,
iban,experiencias,
pasamos,experiencias,
grandes,descripciones,
cerquita,descripciones,
cayó,experiencias,
gracias,aprendizaje,
largo,descripciones,
echamos,experiencias,
grande,descripciones,
abraza,sentimientos,
abrazar,sentimientos,
abrazo,sentimientos,
abundancia,descripciones,
academia,aprendizaje,
aceptemos,aprendizaje,
achunto,sin definir,
acerque,sin definir,
acompañando,relaciones,
acostumbras,sentimientos,
adn,salud/bienestar,
adornado,descripciones,
afecta,sentimientos,
agarro,sin definir,
agradecer,aprendizaje,
agradecerle,aprendizaje,
aguacate,cocina,
ajedrez,actividades,
alacranes,ecosistema,
alfajores,cocina,
algodones,sin definir,
aliviada,sentimientos,
almohada,cotidiano,
almohadas,cotidiano,
amarramos,trabajo,
amaso,trabajo,
ambiente,ecosistema,
amigo,relaciones,
ancha,descripciones,
ansioso,sentimientos,
anticuchos,cocina,
antiguo,descripciones,
aplasta,trabajo,
aplaudieron,sentimientos,
araucanía,geografía,
arañitas,ecosistema,
arbusto,ecosistema,
arranca,trabajo,
arrayanes,ecosistema,
avellanos,ecosistema,
boldos,ecosistema,
peumos,ecosistema,
arreglar,trabajo,
arrugadito,descripciones,
artesanal,expresión artística,
azulito,descripciones,
artista,trabajo,
asados,cocina,
ascensor,infraestructura urbana,
asumir,sentimientos,
asustar,sentimientos,
atropella,experiencias,
aullar,descripciones,
autobús,infraestructura urbana,
avanzar,sin definir,
uvas,cocina,
azúcar,cocina,
bailarin,trabajo,
banderitas,cultura/tradiciones,
barbies,actividades,juegs
bañarlos,trabajo,
besito,sentimientos,
bichos,ecosistema,
bici,actividades,
binoculares,infraestructura urbana,
boca,cotidiano,
bollitos,cocina,
brava,descripciones,
brillos,descripciones,
burlando,sentimientos,
buzo,trabajo,
bío'bío,geografía,
búsqueda,actividades,
cabello,cotidiano,
cacharro,sin definir,
cachorritos,ecosistema,
cactus,ecosistema,
caerme,cotidiano,
cafés,descripciones,
cajas,cotidiano,
calle,infraestructura urbana,
caluroso,descripciones,
camarón,cocina,
camiseta,cotidiano,
campeón,descripciones,
canciones,expresión artística,
canela,cocina,
cansarse,sentimientos,
canso,sentimientos,
caníbal,descripciones,
capilla,infraestructura urbana,
caracoles,ecosistema,
caracolitos,ecosistema,
carpa,cotidiano,
carpas,cotidiano,
carpita,cotidiano,
católica,cultura/tradiciones,
cazadora,trabajo,
cedrón,ecosistema,
celulares,cotidiano,
cercos,infraestructura urbana,
cerezas,cocina,
cerrando,sin definir,
chachai,relaciones,padre
chacras,trabajo,
chedki,relaciones,abuelo materno
chelo,expresión artística,
chicle,cocina,
chicos,descripciones,
chilena,cultura/tradiciones,
chillán,geografía,
china,geografía,
chocando,sin definir,
choclo,cocina,
chocolates,cocina,
choique,cultura/tradiciones,
chorizo,cocina,
churros,cocina,
ciclo,ecosistema,
ciegas,descripciones,
científica,trabajo,
cintura,cotidiano,
miquel'circus,sin definir,
clima,ecosistema,
club,relaciones,
cobijas,cotidiano,
cojita,salud/bienestar,
colchones,cotidiano,
colección,cotidiano,
colgamos,experiencias,
coloca,sin definir,
colocan,sin definir,
columna,cotidiano,
combate,experiencias,
combatir,trabajo,
comiendo,cocina,
comunico,relaciones,
condición,salud/bienestar,
conectarse,relaciones,
conejita,ecosistema,
confitadas,cocina,
congelé,sin definir,
conocido,descripciones,
conozcan,sin definir,
continente,geografía,
contorsionista,trabajo,
conversa,relaciones,
copa,cotidiano,
coquimbanos,cultura/tradiciones,
corbeta'esmeralda,cultura/tradiciones,
corren,sin definir,
corta,trabajo,
corvinas,ecosistema,
cosemos,trabajo,
costó,experiencias,
coyoi,ecosistema,
creyeron,experiencias,
crezca,sin definir,
creí,experiencias,
cuchara,cotidiano,
cuidarlo,aprendizaje,
cuide,aprendizaje,
cuido,aprendizaje,
cálido,descripciones,
danza,expresión artística,
dar,aprendizaje,
dará,sin definir,
debe,aprendizaje,
deben,aprendizaje,
dejar,sin definir,
delantero,descripciones,
desayuno,cocina,
desfiles,cultura/tradiciones,
diabladas,cultura/tradiciones,
diera,sin definir,
diferencias,aprendizaje,
dificil,descripciones,
disfraza,actividades,
distintas,descripciones,
divinísima,descripciones,
doblarme,experiencias,
doble,sin definir,
dominicana,cultura/tradiciones,
duele,sentimientos,
duerme,cotidiano,
dueña,trabajo,
durmiendo,cotidiano,
duro,descripciones,
echando,sin definir,
económicos,descripciones,
ejercicio,actividades,
emboque,actividades,
emigrar,experiencias,
emocionante,sentimientos,
empanadas,cocina,
empezó,sin definir,
enamoró,sentimientos,
encabalgar,trabajo,
encerrados,descripciones,
encierra,trabajo,
encima,descripciones,
encontré,experiencias,
enjaulados,descripciones,
enmallan,trabajo,
enoja,sentimientos,
enseñando,aprendizaje,
entera,descripciones,
entienda,aprendizaje,
entra,sin definir,
entregamos,sin definir,
entrego,sin definir,
entretiene,sentimientos,
equilibrio,actividades,
equipo,relaciones,
equipos,relaciones,
escalar,actividades,
escalera,infraestructura urbana,
escenario,infraestructura urbana,
escondidas,actividades,
escribir,actividades,
esfuerza,aprendizaje,
esmeralda,cultura/tradiciones,
espacio,sin definir,
españoles,cultura/tradiciones,
espiamos,actividades,
espía,actividades,
estiro,sin definir,
estrellita,ecosistema,
estudiamos,aprendizaje,
expedición,actividades,
experimento,actividades,
explica,aprendizaje,
explicarlo,aprendizaje,
explicó,aprendizaje,
exposición,actividades,
exquisitas,descripciones,
extinción,descripciones,
falta,sin definir,
famoso,descripciones,
fantástico,descripciones,
favoritas,identidad,
fe,cultura/tradiciones,
felices,sentimientos,
felicidad,sentimientos,
fierritos,cotidiano,
fino,descripciones,
afirmarme,trabajo,
firme,descripciones,
flecha,cotidiano,
floja,descripciones,
fogata,cotidiano,
fome,sentimientos,
foto,cotidiano,
frambuesas,cocina,
frases,aprendizaje,
frente,sin definir,
funciones,actividades,
galaxias,ecosistema,
galletas,cocina,
ganador,descripciones,
ganan,experiencias,
garza,ecosistema,
gatito,ecosistema,
gol,sin definir,
golpeamos,trabajo,
grasa,cocina,
gratis,descripciones,
gringa,sin definir,nombre
grises,descripciones,
grito,sin definir,
guanacos,ecosistema,
guanaqueros,trabajo,
guerra,experiencias,
gustaria,identidad,
hablaban,experiencias,
hablando,experiencias,
hacíamos,experiencias,
hermosa,descripciones,
hermosas,descripciones,
hinchas,identidad,
hojitas,ecosistema,
hornea,cocina,
horno,cocina,
hoyito,sin definir,
huertita,trabajo,
huerto,trabajo,
huillac,sin definir,nombre
huimica,expresión artística,telar
hundida,descripciones,
hámsters,ecosistema,
héroe,descripciones,
iba,experiencias,
importa,identidad,
importantes,identidad,
imposible,descripciones,
imposibles,descripciones,
inca,cultura/tradiciones,
inche,aprendizaje,
incubadora,salud/bienestar,
independencia,cultura/tradiciones,
indios,cultura/tradiciones,
infantil,descripciones,
intenso,descripciones,
intercambiamos,experiencias,
inventa,actividades,
irse,sin definir,
itinerante,descripciones,
jibias,ecosistema,
jojoto,ecosistema,
joropo,cultura/tradiciones,baile
joven,descripciones,
jovencita,descripciones,
judas,cultura/tradiciones,historico
jugador,descripciones,
juguetones,descripciones,
juntaran,sin definir,
k,sin definir,
kawellu,ecosistema,caball
kilos,sin definir,
kuku,relaciones,abuela paterna
kull'kull,expresión artística,
lados,descripciones,
ladra,descripciones,
lagarto,ecosistema,
laku,relaciones,abuelo pa
larguito,descripciones,
latas,cotidiano,
lavken,aprendizaje,
lavkenche,cultura/tradiciones,
lavkenches,cultura/tradiciones,
lenguados,ecosistema,
lentejuelas,descripciones,
letrero,cotidiano,
levadura,cocina,
levanta,sin definir,
lila,descripciones,
limpiar,trabajo,
listos,descripciones,
living,infraestructura urbana,
llegado,sin definir,
llenita,descripciones,
llenó,trabajo,
llevó,trabajo,
loncos,cultura/tradiciones,
lory'lof,cultura/tradiciones,
luces,cotidiano,
lucumillo,ecosistema,
luminoso,descripciones,
látigo,trabajo,
magnesio,salud/bienestar,
makuñ,expresión artística,
mala,descripciones,
mandadaba,experiencias,
mandalas,expresión artística,
mando,trabajo,
manera,sin definir,
mango,cocina,
manzanas,cocina,
maquillaje,cotidiano,
maquillan,actividades,
maracay,geografía,
marcamos,experiencias,
marcar,actividades,
mares,ecosistema,
mariposas,ecosistema,
mascota,relaciones,
mascotas,relaciones,
matar,sin definir,
mataron,experiencias,
matemática,aprendizaje,
maternos,relaciones,
mayor,descripciones,
medialuna,cocina,
medianoche,cotidiano,
medias,cotidiano,
melin,aprendizaje,
menta,ecosistema,
mete,sin definir,
meteorito,ecosistema,
metro,infraestructura urbana,
mezclo,trabajo,
migrantes,descripciones,
mimín,sin definir,
miquel,sin definir,
mirador,infraestructura urbana,
miradores,infraestructura urbana,
misión,sin definir,
modelo,trabajo,
monedita,cotidiano,
monito,ecosistema,
mono,ecosistema,
mora,ecosistema,
moras,ecosistema,
morenadas,cultura/tradiciones,
moronga,sin definir,
mostró,experiencias,
moverse,sin definir,
movida,sin definir,
moviendo,sin definir,
muerte,salud/bienestar,
mueve,sin definir,
murieron,salud/bienestar,
n,sin definir,
nacer,identidad,
nado,actividades,
natación,actividades,
nativos,cultura/tradiciones,
necesito,identidad,
noches,cotidiano,
novio,relaciones,
nudo,cotidiano,
nuevos,descripciones,
oboe,expresión artística,
ocupamos,sin definir,
ocurrió,experiencias,
olimpiadas,actividades,
olitas,sin definir,
operaron,experiencias,
ordenar,trabajo,
orgullosa,sentimientos,
orquídea,ecosistema,
orégano,cocina,
osadas,cultura/tradiciones,baile
oscura,descripciones,
ovillar,trabajo,
pali,cultura/tradiciones,
parecía,descripciones,
parezco,identidad,
parilla,cocina,
partiendo,sin definir,
pasacalles,cultura/tradiciones,desfile
paseos,infraestructura urbana,
pastito,ecosistema,
paterna,relaciones,
paterno,relaciones,
patrón,descripciones,
pecadores,trabajo,
pedacitos,sin definir,
pedro'montt,geografía,
pegaditos,descripciones,
pegarle,sin definir,
peinados,cotidiano,
pejegallos,ecosistema,
pelear,actividades,
peleo,actividades,
peligro,descripciones,
pelotitas,cotidiano,
pensé,identidad,
pepperoni,cocina,
pequeñitos,descripciones,
percusión,expresión artística,
perdió,experiencias,
perseguirla,actividades,
persiguan,experiencias,
pescador,trabajo,
pican,trabajo,
pide,sin definir,
pidió,experiencias,
pierdan,experiencias,
piernas,cotidiano,
pifilca,expresión artística,inst
pilladas,actividades,
pillábamos,experiencias,
pilló,experiencias,
pingen,aprendizaje,
pinté,experiencias,
pista,infraestructura urbana,
piuquén,ecosistema,paj
pizza,cocina,
plantaban,experiencias,
plateados,descripciones,
plazas,infraestructura urbana,
plástica,descripciones,
plástico,descripciones,
podía,sin definir,
polvito,sin definir,
poniendo,sin definir,
k'pop,expresión artística,
poquitito,sin definir,
porteña,cultura/tradiciones,
porteño,cultura/tradiciones,
portugués,cultura/tradiciones,
prenden,sin definir,
presentaciones,actividades,
presentación,actividades,
princesa,descripciones,
problemas,aprendizaje,
profesor,aprendizaje,
propia,identidad,
puedan,sin definir,
puente'alto,geografía,
purrún,cultura/tradiciones,
pusieron,sin definir,
péndulo,cotidiano,
público,descripciones,
quemaba,experiencias,
quemado,descripciones,
queque,cocina,
queremos,identidad,
quieras,identidad,
ramitas,ecosistema,
rapear,actividades,
raya,sin definir,
rayador,trabajo,
rayas,sin definir,
rayen,actividades,
real,descripciones,
realidad,descripciones,
recién,sin definir,
recogedores,trabajo,
reconciliados,relaciones,
recordar,sentimientos,
recorriendo,actividades,
regalarle,actividades,
regalón,descripciones,
regamos,trabajo,
regreso,sin definir,
relm,sin definir,
reloj,cotidiano,
representar,actividades,
resbalen,sin definir,
reímos,sentimientos,
reír,sentimientos,
rimas,aprendizaje,
rindan,sentimientos,
roscas,cocina,
ruca,cultura/tradiciones,
rueditas,cotidiano,
s,sin definir,
sabían,aprendizaje,
sacos,cotidiano,
salada,cocina,
salinas,cocina,
salmón,ecosistema,
salsa,cocina,
salta,actividades,
saltamos,actividades,
saltar,actividades,
sambos,cultura/tradiciones,
santas,cultura/tradiciones,
sañwe,ecosistema,
sector,geografía,
siga,sin definir,
sigiloso,descripciones,
significado,aprendizaje,
sigo,sin definir,
sigue,sin definir,
silla,cotidiano,
sindrome,salud/bienestar,
smog,ecosistema,
sorprendente,identidad,
sólo,sentimientos,
ta,sin definir,
tagua,ecosistema,
talca,geografía,
taller,aprendizaje,
tareas,aprendizaje,
tejedora,descripciones,
tejiendo,expresión artística,
terapias,actividades,
termina,sin definir,
termino,sin definir,
terreno,geografía,
tinkus,cultura/tradiciones,
tirúa,geografía,
tocó,expresión artística,
tollos,ecosistema,
tomates,cocina,
tordos,ecosistema,
tormentas,ecosistema,
tortas,cocina,
trabajamos,trabajo,
traen,trabajo,
traer,trabajo,
tranquilito,descripciones,
transparente,descripciones,
trasversa,descripciones,
tratado,sin definir,
tratan,sin definir,
treile,ecosistema,
tren,infraestructura urbana,
trewa,ecosistema,ani
trutruca,expresión artística,
tutankamón,cultura/tradiciones,
u,sin definir,
uficha,ecosistema,ani
vagón,sin definir,
vaya,sin definir,
vegetación,ecosistema,
vendimos,trabajo,
venezolana,cultura/tradiciones,
veo,sin definir,
verlos,sin definir,
viajado,actividades,
viajamos,actividades,
vieja,descripciones,
viendo,sin definir,
vieron,experiencias,
viola,expresión artística,
virgen,cultura/tradiciones,
viña,geografía,
volantines,actividades,
volvió,sin definir,
whatsapp,cotidiano,
when'the'saints'go'marching'in,expresión artística,
wiño,cultura/tradiciones,
wuñol,cultura/tradiciones,
zorzales,ecosistema,
ñam,sin definir,
arco,cotidiano,
arena,ecosistema,
ascensores,infraestructura urbana,
atrás,descripciones,
auto,infraestructura urbana,
bacán,descripciones,
bicicross,actividades,
boya,cotidiano,
brazos,cotidiano,
brillitos,descripciones,
caigo,sin definir,
caleta,infraestructura urbana,
campeonato,actividades,
canelo,geografía,
carteras,cotidiano,
cavancha,geografía,
celebrar,cultura/tradiciones,
cementerio,infraestructura urbana,
chancho,ecosistema,
chiquitito,descripciones,
chuchu,relaciones,abue
chupones,cotidiano,
circense,descripciones,
conejos,ecosistema,
contaminen,salud/bienestar,
coquimbo,geografía,
costa,geografía,
cuadro,cotidiano,
cuesta,geografía,
cuestan,sentimientos,
cueste,sentimientos,
cumplir,aprendizaje,
dando,aprendizaje,
decirle,sin definir,
demasiado,sin definir,
doctora,trabajo,
down,salud/bienestar,
ecuador,geografía,
ejercicios,actividades,
elástica,descripciones,
estabamos,experiencias,
fines,sin definir,
función,experiencias,
generación,experiencias,
hacerme,sin definir,
hermanas,relaciones,
hermosos,descripciones,
interior,descripciones,
llegando,sin definir,
lograr,aprendizaje,
maipo,geografía,
mamiña,geografía,
mandar,trabajo,
minutos,cotidiano,
nació,identidad,
olas,ecosistema,
orgulloso,sentimientos,
palín,cultura/tradiciones,
pampilla,cultura/tradiciones,
ping'pong,actividades,
payaso,trabajo,
pelotita,cotidiano,
perritos,ecosistema,
pintarme,actividades,
prat,sin definir,
promesa,relaciones,
propaganda,trabajo,
quedaba,sin definir,
quedo,sin definir,
quería,identidad,
rangintu'lewfu,geografía,
redes,trabajo,
rodante,descripciones,
seco,descripciones,
seguirlas,sin definir,
sentí,sentimientos,
sigan,sin definir,
tamaños,descripciones,
tejas'verdes,geografía,
teletón,infraestructura urbana,
tiran,trabajo,
tirar,trabajo,
trarilonco,cultura/tradiciones,
triángulo,descripciones,
uñas,cotidiano,
vaca,ecosistema,
venir,sin definir,
zancudos,ecosistema,
amarra,trabajo,
amiga,relaciones,
caminar,actividades,
chinita,cultura/tradiciones,
hilo,cotidiano,
mielomeningocele,salud/bienestar,
parra,ecosistema,
ponotro,geografía,
practicando,actividades,
rali'pitra,geografía,
región,cultura/tradiciones,
ropa,cotidiano,
salí,sin definir,
show,actividades,
síndrome,salud/bienestar,
venezolanos,cultura/tradiciones,
wanderers,sin definir,
bailan,expresión artística,
carrera,actividades,
tirana,cultura/tradiciones,
stickers,cotidiano,
sueños,identidad,
iquique,geografía,
valparaíso,geografía,
circo,infraestructura urbana,
venezuela,geografía,
invitó,sin definir,
