book_id,group,title_es,author,audience,translated,n_tokens_running,n_sentences,words_per_sentence,sd_words_per_sentence,median_words_per_sentence,pct_short_sentences,pct_long_sentences,letters_per_word,syllables_per_word,Fernandez_Huerta,Szigriszt_Pazos,Gutierrez_Polini,Mu_index,inflesz_band_en,inflesz_band_es,Flesch_Kincaid_EN,ARI_EN,flag_segmentation
CMP01,Comparison,Apocalipsis Z,Manel Loureiro,adult,FALSE,127799,7986,16.002880040070124,10.718579243423997,14,32.844978712747306,17.993989481592788,4.672094460833027,2.0242568408203505,69.06165190990744,64.72091877682205,44.279675715895095,60.651251197772616,normal,normal,14.53735393730749,8.57700493055862,FALSE
CMP02,Comparison,Cell,Stephen King,adult,TRUE,128249,8683,14.770125532650006,11.552936953737277,12,41.43729125878153,15.501554762178971,4.552971173264509,1.9564986861495997,74.38455078772103,70.17500632022995,45.86663568290677,66.46168334264792,fairly easy,bastante facil,13.257033454298778,7.399556992400839,FALSE
CMP03,Comparison,Conan,Robert E. Howard,adult,TRUE,70408,3981,17.6860085405677,11.447357812443823,16,26.57623712635016,21.075106757096208,4.682152596295875,2.003607544597205,68.58381861278866,64.32424143102645,43.59301682673132,63.18202628674572,normal,normal,14.95011235706842,9.46594299883742,FALSE
CMP04,Comparison,Amanecer,Stephenie Meyer,young_adult,TRUE,183951,16393,11.221313975477338,8.224272138225363,9,51.43658878789728,5.87445861038248,4.604829546998929,1.9923186065854495,75.85514334988615,71.49223683424917,46.60569350269333,67.17847680339256,fairly easy,bastante facil,12.295672008144468,5.869404154103627,FALSE
CMP05,Comparison,Crepúsculo,Stephenie Meyer,young_adult,TRUE,123629,10700,11.55411214953271,8.224245896684598,9,50.50467289719626,6.3831775700934585,4.582905305389512,1.9838710982051138,76.02253971516981,71.68571843228871,46.70187928538529,64.52725988172674,fairly easy,bastante facil,12.325782697138099,5.9325400631509595,FALSE
CMP06,Comparison,Eclipse,Stephenie Meyer,young_adult,TRUE,160289,14085,11.380120695775648,8.282607117178904,9,51.76428824991125,6.467873624423145,4.503546718739277,1.947800535283145,78.36424477332014,74.10690595608445,47.53255458470755,66.9952856669424,fairly easy,bastante facil,11.832293387693614,5.471765393149816,FALSE
CMP07,Comparison,Luna nueva,Stephenie Meyer,young_adult,TRUE,143847,12236,11.756047728015691,8.574337104943298,10,49.28081072245832,6.963059823471723,4.5293054425883055,1.9666868269758842,76.84762169887095,72.55436295138675,47.15112050208795,66.36585367544771,fairly easy,bastante facil,12.201763172241552,5.781052498598761,FALSE
CMP08,Comparison,Sol de medianoche,Stephenie Meyer,young_adult,TRUE,77774,6744,11.53232502965599,8.181011979837878,9,50.10379596678529,6.628113879003558,4.63878674107028,2.0223982307712087,73.73313462347838,69.30726519329772,46.16745485123869,63.57243070581563,fairly easy,bastante facil,12.7719058846661,6.184848065269016,FALSE
CMP09,Comparison,El exilio,R. A. Salvatore,adult,TRUE,92232,6169,14.950883449505593,9.02687852335889,14,31.723131787972118,12.449343491651806,4.726472374013357,1.998557984213722,71.67661982868098,67.37395413397954,44.12040876474348,62.28494722807723,fairly easy,bastante facil,13.823828759029102,8.307126606355709,FALSE
CMP10,Comparison,El refugio,R. A. Salvatore,adult,TRUE,98910,6389,15.481295977461262,9.460390885712771,14,31.350759117232744,14.791047112224135,4.63426347184309,1.95940754221009,73.48462557038411,69.28261414285015,44.8291907310106,65.2644875538584,fairly easy,bastante facil,13.568714429288956,8.138028941111585,FALSE
CMP11,Comparison,La morada,R. A. Salvatore,adult,TRUE,102138,6854,14.901955062737088,9.63501295384233,13,34.95768894076452,13.90428946600525,4.657766942763712,1.9743582212301005,73.17851256220214,68.93052775462766,44.803976383234016,63.67804385444901,fairly easy,bastante facil,13.51918948498265,7.959059831785627,FALSE
CMP12,Comparison,El ocho,Katherine Neville,adult,TRUE,217297,16101,13.495869821750201,8.964838875655747,12,39.239798770262716,9.769579529221788,4.683350437419753,2.008927872911269,72.53854040713865,68.18292369587775,45.047946319415836,64.40464815523134,fairly easy,bastante facil,13.378738130835554,7.376515471122133,FALSE
CMP13,Comparison,El perfume,Patrick Süskind,adult,TRUE,79630,3391,23.482748451784133,19.949773834561952,19,24.859923326452375,34.974933647891476,4.690933065427602,2.0299635815647368,61.089781685295975,56.885520416732774,41.47898730722782,59.1092708439939,normal,normal,17.521842158659705,12.40566896405607,FALSE
CMP14,Comparison,El caso Bourne,Robert Ludlum,adult,TRUE,193941,17758,10.92133123099448,8.576734716333164,8,55.907196756391485,6.954612005856515,4.66512496068392,2.0025471664062784,75.54741216000892,71.15498030189438,46.12582195051792,62.1773131900786,fairly easy,bastante facil,12.299375743681932,6.003404180318501,FALSE
CMP15,Comparison,El extraño caso de Benjamin Button,F. Scott Fitzgerald,adult,TRUE,9619,636,15.124213836477987,12.812378952591148,11,44.81132075471698,16.82389937106918,4.692899469799356,2.0252625012995114,69.89755180882177,65.53693233256246,44.38540030017896,59.990571003800895,fairly easy,bastante facil,14.206540911560651,8.235663420993959,FALSE
CMP16,Comparison,Cerco de oscuridad,R. A. Salvatore,adult,TRUE,115408,5732,20.133984647592463,12.36604327768171,18,22.592463363572925,29.291695743196094,4.768568903368918,2.0276150700124775,64.64643145870704,60.380596490630204,41.897987010664146,60.00553636787886,normal,normal,16.1881118387083,11.096951858663836,FALSE
CMP17,Comparison,El legado,R. A. Salvatore,adult,TRUE,87134,5047,17.264513572419258,10.195519232148728,16,25.638993461462256,19.338220725183277,4.664677393439989,1.9698854637684486,71.03706833002545,66.8466220348064,43.910049533285374,65.38019030528228,fairly easy,bastante facil,14.387808765711206,9.172887309311982,FALSE
CMP18,Comparison,Luz en las tinieblas,R. A. Salvatore,adult,TRUE,115070,6632,17.350723763570567,10.93888522962841,15,28.22677925211098,21.71290711700844,4.671990962023116,1.9795776483879377,70.36760285788176,66.15658874186093,43.80893435112608,62.66084439707497,fairly easy,bastante facil,14.53579851877019,9.25043931291416,FALSE
CMP19,Comparison,Noche sin estrellas,R. A. Salvatore,adult,TRUE,108876,5692,19.12789880534083,11.100090856668885,18,21.57413914265636,26.423049894588896,4.728085161100702,2.020904515228333,66.07527230485238,61.80474989593402,42.642809355453906,60.62160456316125,normal,normal,15.716553813777256,10.403230511454723,FALSE
CMP20,Comparison,La gema del halfling,R. A. Salvatore,adult,TRUE,108863,7012,15.525242441528809,10.548358345599974,13,34.51226468910439,16.6999429549344,4.685614028641504,1.9968492508933247,71.19329765604112,66.90604922781708,44.31570906764234,64.8440532763818,fairly easy,bastante facil,14.02766571273747,8.401863295665887,FALSE
CMP21,Comparison,La piedra de cristal,R. A. Salvatore,adult,TRUE,115465,6034,19.135730858468676,12.535291228564436,17,26.383824991713624,27.427908518395753,4.737608799203222,2.0044862079418007,67.05238204785392,62.81977838675715,42.54768884726472,62.94498403399059,normal,normal,15.525872288516034,10.452002873481511,FALSE
CMP22,Comparison,Ríos de plata,R. A. Salvatore,adult,TRUE,112781,6675,16.896029962546816,11.395974103193288,15,31.580524344569287,20.49438202247191,4.745347177272768,2.005461912910863,69.27833466355048,64.99869286310644,43.25652189356277,63.36427026744761,normal,normal,14.66390225774144,9.368600186228143,FALSE
CMP23,Comparison,Finis Mundi,Laura Gallego García,young_adult,FALSE,61232,5357,11.43027814075042,8.273931096908289,9,51.54004106776181,6.888183684898264,4.641919257904363,1.9935981186307814,75.56522917858769,71.20355906855191,46.172785849065036,66.48706209489241,fairly easy,bastante facil,12.392266274735885,6.14857877510476,FALSE
CMP24,Comparison,Guerra Mundial Z,Max Brooks,adult,TRUE,126381,7938,15.921012849584278,10.733186003716243,14,31.128747795414462,15.910808767951625,4.713153084720013,2.024639779713723,69.12218011060067,64.7789288742508,43.91006058086138,61.87990384139355,normal,normal,14.5099444119598,8.729457453823404,FALSE
CMP25,Comparison,Harry Potter y el cáliz de fuego,J. K. Rowling,young_adult,TRUE,199618,14108,14.149277005954069,11.340007744287655,11,43.174085625177206,13.651828749645592,4.598072318127624,1.950129747818333,75.39995258482688,71.1926397049638,45.64645156207813,65.19440243440569,fairly easy,bastante facil,12.939749056578417,7.301559121358142,FALSE
CMP26,Comparison,Harry Potter y el misterio del príncipe,J. K. Rowling,young_adult,TRUE,175160,11755,14.90089323692046,12.322966611812262,11,42.23734581029349,16.129306678009357,4.616407855674812,1.9675782142041562,73.58639604609176,69.35398401816062,45.20553116703217,64.14666096306884,fairly easy,bastante facil,13.438771290008027,7.763727618688591,FALSE
CMP27,Comparison,Harry Potter y el prisionero de Azkaban,J. K. Rowling,children,TRUE,109618,9321,11.760326145263384,9.07333705489755,9,50.91728355326681,7.638665379251153,4.606898502070828,1.9513583535550731,77.76296611852696,73.50504842825558,46.396970379070794,66.18633524183845,fairly easy,bastante facil,12.022555768602587,6.148655017385291,FALSE
CMP28,Comparison,Harry Potter y la cámara secreta,J. K. Rowling,children,TRUE,91167,6620,13.771450151057401,10.535351566530995,11,42.44712990936556,12.099697885196374,4.598692509350971,1.940625445610802,76.35559410927333,72.16258458738963,45.7726751064255,66.34319025102516,fairly easy,bastante facil,12.68024581711985,7.115566794571773,FALSE
CMP29,Comparison,Harry Potter y la orden del fénix,J. K. Rowling,young_adult,TRUE,253615,16063,15.788769221191558,14.119590818939972,12,41.281205254311146,17.97920687293781,4.706464522997456,1.9949017211127102,71.041352127622,66.76385355348661,44.02122489950763,63.964747344402475,fairly easy,bastante facil,14.107460305394689,8.6318325139138,FALSE
CMP30,Comparison,Harry Potter y la piedra filosofal,J. K. Rowling,children,TRUE,77823,6471,12.026425591098748,9.299970624933426,10,48.895070313707315,8.159480760315253,4.568739318710407,1.9327705177132724,78.60681483428294,74.3969711553644,46.67397965162449,71.29282031165715,fairly easy,bastante facil,11.90699808954513,6.101974986675394,FALSE
CMP31,Comparison,Harry Potter y las reliquias de la muerte,J. K. Rowling,young_adult,TRUE,200684,12288,16.331705729166668,13.247512933150277,13,36.60481770833333,18.758138020833336,4.652035040162644,1.9759622092443843,71.62392760158694,67.4008486349082,44.35916310521403,64.8480492642094,fairly easy,bastante facil,14.095719303458736,8.646937903749382,FALSE
CMP32,Comparison,Historias fantásticas,Stephen King,adult,TRUE,56491,4175,13.530778443113773,11.372416413513903,10,46.51497005988024,11.976047904191617,4.521976952080863,1.9510010444141546,75.97854332317469,71.75685648988441,46.601051109725816,66.63797760329642,fairly easy,bastante facil,12.708815916901397,6.633900665857752,FALSE
CMP33,Comparison,La expedición,Stephen King,adult,TRUE,51044,3671,13.904658131299373,11.681832564148227,11,41.10596567692727,11.76791065104876,4.517455528563592,1.9588786145286419,75.12453183435613,70.89220418356625,46.51405102697838,63.81894974499603,fairly easy,bastante facil,12.947584322644733,6.799544605184202,FALSE
CMP34,Comparison,La historia interminable,Michael Ende,children,TRUE,117770,9105,12.934651290499726,9.761828969200398,11,45.11806699615596,9.86271279516749,4.606478729727435,1.978508958138745,74.9361181953656,70.63924061745648,45.99002836996898,65.96838052896959,fairly easy,bastante facil,12.800919709332085,6.73384046226608,FALSE
CMP35,Comparison,La emperatriz de los Etéreos,Laura Gallego García,young_adult,FALSE,67370,5311,12.684993409903973,9.321694020643697,10,45.942383731877236,9.15081905479194,4.488051061303251,1.9557221315125426,76.55797883114539,72.30851779686465,47.226157011892084,67.01733054072912,fairly easy,bastante facil,12.434668581710554,6.0512172036903,FALSE
CMP36,Comparison,La torre oscura: el pistolero,Stephen King,adult,TRUE,61811,4935,12.525025329280648,10.682553234840148,9,50.35460992907801,10.131712259371833,4.634175146818527,2.001229554610021,73.99070088753248,69.63337341851506,45.86474221061207,61.24739018008203,fairly easy,bastante facil,12.909268622817702,6.659477606155583,FALSE
CMP37,Comparison,Las dos espadas,R. A. Salvatore,adult,TRUE,125617,7131,17.615621932407798,11.819080631216355,15,29.280605805637354,23.12438648155939,4.609901526067332,1.9650365794438651,70.96987086231215,66.79759916823943,44.31848752080416,63.47488352584658,fairly easy,bastante facil,14.467524191076652,9.090447153981032,FALSE
CMP38,Comparison,Los senderos de la muerte,R. A. Salvatore,adult,TRUE,131528,8389,15.678626773155322,9.966854713934133,14,30.933365120991773,15.055429729407557,4.706678425886503,1.9807645520345478,72.0019275693087,67.75474163509236,44.05769989829657,63.05385419924009,fairly easy,bastante facil,13.897686155538242,8.577768772503092,FALSE
CMP39,Comparison,El alquimista,Paulo Coelho,adult,TRUE,38086,2825,13.481769911504426,8.144384293029603,12,37.52212389380531,8.035398230088497,4.568082760069317,1.953710024680985,75.86599320940638,71.63709555087021,46.17097775830108,67.69519119403049,fairly easy,bastante facil,12.721668556722353,6.8265547556787,FALSE
CMP40,Comparison,El ladrón del rayo,Rick Riordan,young_adult,TRUE,89382,8776,10.18482224247949,7.814448046894475,8,59.43482224247949,5.116226071103008,4.531113647043028,1.956490121053456,79.06207404946356,74.76084321589022,47.68350983881481,70.16206899798902,fairly easy,bastante facil,11.468664102997781,5.003956398812409,FALSE
CMP41,Comparison,El mar de los monstruos,Rick Riordan,young_adult,TRUE,68957,6339,10.878214229373718,8.595005002518292,8,56.633538412998895,7.051585423568387,4.582638455849297,1.9812926896471714,76.86666010720853,72.52225120560752,46.94103199798103,67.32243435775396,fairly easy,bastante facil,12.031757287292375,5.59333424173705,FALSE
CMP42,Comparison,La batalla del laberinto,Rick Riordan,young_adult,TRUE,90663,9557,9.486554358062154,7.2506771551090345,7,63.17882180600607,4.049387883226954,4.578438833923431,1.9819882421715584,78.24442002448309,73.87057815464978,47.468849285620976,67.64736347208856,fairly easy,bastante facil,11.497217457268633,4.877724086810439,FALSE
CMP43,Comparison,La maldición del titán,Rick Riordan,young_adult,TRUE,75349,8101,9.301197383039131,6.972345661313832,7,63.745216639921,3.419330946796692,4.552296646272678,1.9772790614341265,78.7160349832525,74.3493170896148,47.78730344709133,67.08695064356186,fairly easy,bastante facil,11.369359904307956,4.661915895463881,FALSE
CMP44,Comparison,Peter Pan,J. M. Barrie,children,TRUE,47889,3111,15.39344262295082,12.564671217378011,11,41.46576663452266,17.61491481838637,4.494351521226169,1.9384827413393473,74.82972404422932,70.67408259160786,46.21708532607338,67.64564812111459,fairly easy,bastante facil,13.287538970755122,7.435116976450665,FALSE
CMP45,Comparison,Hora cero,S. D. Perry,adult,TRUE,62212,4196,14.82650142993327,9.813459649488227,13,35.605338417540516,13.918017159199236,4.6585385456182085,2.013421847875008,70.91165766896758,66.57231744745374,44.82290060702674,64.3832703720617,fairly easy,bastante facil,13.950713362599071,7.924967264828396,FALSE
CMP46,Comparison,La conspiración Umbrella,S. D. Perry,adult,TRUE,73887,4133,17.877328816840066,11.595564294604507,16,25.816598112751027,21.195257682071134,4.672621706118803,2.0052377278817652,68.29086093391723,64.03136073612598,43.6185043647536,62.843293265400256,normal,normal,15.043963427572457,9.516712644239597,FALSE
CMP47,Comparison,El siervo de la piedra,R. A. Salvatore,adult,TRUE,110651,6483,17.067869813358012,10.810035610954989,15,28.443621780040107,20.22211938917168,4.773260069949662,2.043985142474989,66.7916642418755,62.42685581045019,42.92562288681298,59.435295359287856,normal,normal,15.185493908414497,9.585989836141913,FALSE
CMP48,Comparison,El estigma de Errtu,R. A. Salvatore,adult,TRUE,114473,6064,18.877473614775724,13.295161063068285,16,28.842348284960423,26.236807387862797,4.74068994435369,2.0286093664008105,65.86841492888014,61.575162858453794,42.608191774597714,62.11064746403181,normal,normal,15.709805233292098,10.337386445293742,FALSE
CMP49,Comparison,El mar de las espadas,R. A. Salvatore,adult,TRUE,112685,6866,16.41203029420332,10.961491415469744,14,31.63413923681911,18.08913486746286,4.613684163819497,1.9639437369658783,72.26310488195992,68.06927489282248,44.70305300797972,65.70337498532979,fairly easy,bastante facil,13.985227910936661,8.50646755869149,FALSE
CMP50,Comparison,La columna del mundo,R. A. Salvatore,adult,TRUE,114515,7303,15.680542242913871,10.28206994200027,14,32.781048884020265,16.50006846501438,4.599886477754006,1.9746670741824215,72.36582246128256,68.13269903552128,45.092911380766296,64.27520492160853,fairly easy,bastante facil,13.826482950088984,8.075736431678305,FALSE
CMP51,Comparison,Conflicto,L. J. Smith,young_adult,TRUE,52470,4577,11.463840943849684,7.431477845946998,10,47.21433253222635,4.806641905178064,4.602534781780065,2.0071469411092053,74.71806577072101,70.32590462504683,46.54306828638599,66.53600490369213,fairly easy,bastante facil,12.565231873190001,5.979859294108948,FALSE
CMP52,Comparison,Despertar,L. J. Smith,young_adult,TRUE,57263,4755,12.042691903259726,7.583791191809342,11,43.91167192429022,5.509989484752892,4.607355534987688,2.0074917485985715,74.1069493427608,69.72557215904929,46.293709144478534,65.09655803939174,fairly easy,bastante facil,12.79505247573444,6.291990521421873,FALSE
CMP53,Comparison,El regreso: anochecer,L. J. Smith,young_adult,TRUE,120678,6914,17.454150997975123,12.464375373329215,15,28.73879085912641,19.959502458779287,4.516589602081573,1.9450189761182652,72.33562741496947,68.20616678985697,45.28012801051746,69.08392202805041,fairly easy,bastante facil,14.168342807405828,8.57021252479177,FALSE
CMP54,Comparison,Furia,L. J. Smith,young_adult,TRUE,55247,4780,11.557949790794979,7.674758004263365,10,48.17991631799163,5.564853556485356,4.592701866164679,1.9978460368888808,75.18012900005627,70.81124211102775,46.605509471424384,67.42928161259569,fairly easy,bastante facil,12.492183653698838,5.980600685033124,FALSE
CMP55,Comparison,Invocación,L. J. Smith,young_adult,TRUE,55928,5118,10.927706135209066,7.3901302098623365,9,51.42633841344275,4.533020711215318,4.631061364611644,2.0010549277642684,75.63044407623065,71.24157186507703,46.45400761594389,68.8634538641143,fairly easy,bastante facil,12.284253540349905,5.846152094925376,FALSE
CMP56,Comparison,Stardust,Neil Gaiman,adult,TRUE,59026,3905,15.11549295774648,14.062588939800701,11,45.1472471190781,16.261203585147246,4.4790431335343746,1.9321146613356825,75.49531750295763,71.3487636410405,46.4628590695053,66.95968788749178,fairly easy,bastante facil,13.103995257282183,7.224039637820141,FALSE
CMP57,Comparison,La zona muerta,Stephen King,adult,TRUE,156375,13003,12.026070906713835,10.348486492896248,9,52.97239098669538,9.482427132200263,4.672236610711431,1.998228617106315,74.67969064877298,70.31928624756274,45.67018005874928,60.872968839173524,fairly easy,bastante facil,12.679265335472916,6.589269889807756,FALSE
CMP58,Comparison,El nombre de la rosa,Umberto Eco,adult,TRUE,190088,9363,20.302039944462244,18.870576277277745,15,30.823454021147068,27.10669657161166,4.704584192584488,2.0060550902739784,65.76861384020981,61.555727931468915,42.45981935136869,61.48308832087823,normal,normal,15.999245643573222,10.879611519304056,FALSE
CMP59,Comparison,Demonios del océano,Justin Somper,young_adult,TRUE,63698,5922,10.756163458291118,7.1546272742694885,9,52.836879432624116,4.2890915231340765,4.5342239944739235,1.96161574931709,78.17176831351766,73.87017535925419,47.453370043201055,70.45516283237986,fairly easy,bastante facil,11.751969590675202,5.3042767431177396,FALSE
CMP60,Comparison,Emboscada en el océano,Justin Somper,young_adult,TRUE,15897,1650,9.634545454545455,6.59022180153482,8,59.93939393939394,2.6060606060606064,4.570296282317418,1.959111782097251,79.46605671052859,75.14779052079581,47.49603515243014,68.86524501280446,fairly easy,bastante facil,11.28499175602029,4.913368216987767,FALSE
CMP61,Comparison,Sangre de capitán,Justin Somper,young_adult,TRUE,116435,12995,8.95998460946518,6.233808239124219,7,63.63216621777607,2.17006540977299,4.5620131403787525,1.9616094816850604,80.00424679724189,75.66674468155557,47.8124779250133,68.25296413341265,fairly easy,bastante facil,11.051385881575133,4.537074195916514,FALSE
CMP62,Comparison,Una ola de terror,Justin Somper,young_adult,TRUE,93232,8866,10.51567787051658,7.316835206738075,9,54.70336115497406,4.793593503270922,4.618800411875751,1.9864316972713232,76.9281067357937,72.56462738948,46.717148750124416,66.02553962979549,fairly easy,bastante facil,11.951008397303081,5.582388875193075,FALSE
CMP63,Comparison,Viaje al centro de la Tierra,Jules Verne,young_adult,TRUE,70361,4404,15.97661217075386,12.279970104637,13,36.6030881017257,18.4377838328792,4.821733630846634,2.05210272736317,67.41769194404088,63.01238791452068,42.83736952102381,56.18864759973885,normal,normal,14.855690929479412,9.268671486664573,FALSE
PAP01,Papelucho,Papelucho,Marcela Paz,children,FALSE,20669,1187,17.41280539174389,10.616974207781615,15,22.40943555181129,17.944397641112047,4.011853500411244,1.7620107407228216,83.35829405705194,79.64892546122434,50.19053915890057,73.84007657569946,fairly easy,bastante facil,11.992720843309414,6.172232682808904,FALSE
PAP02,Papelucho,Papelucho casi huérfano,Marcela Paz,children,FALSE,17516,901,19.44062153163152,12.675813917781928,17,23.86237513873474,27.524972253052166,4.033512217401233,1.775690796985613,80.46911821859908,76.7688418161648,49.27071395513701,71.98317217578676,fairly easy,bastante facil,12.944993801766532,7.288153309775566,FALSE
PAP03,Papelucho,Papelucho historiador,Marcela Paz,children,FALSE,13685,1141,11.993865030674847,7.564092631128189,11,44.8729184925504,4.995617879053462,4.380635732553891,1.8944830105955426,80.93727703297911,76.81484340922287,48.50998063349107,70.25031803644957,fairly easy,bastante facil,11.442506886990593,5.199726815666249,FALSE
PAP04,Papelucho,Papelucho detective,Marcela Paz,children,FALSE,22303,1817,12.274628508530546,8.618729616365737,10,46.450192625206384,7.59493670886076,3.993991839662826,1.77213827736179,87.99158227959146,84.15615681182996,52.162159177284906,74.82452953163593,very easy,muy facil,10.108336791196034,3.5190158190771825,FALSE
PAP05,Papelucho,Papelucho en la clínica,Marcela Paz,children,FALSE,25456,1700,14.974117647058824,11.253038705277897,12,40.705882352941174,16.235294117647058,4.069846008799497,1.8046825895663106,83.28544462602137,79.42915702296004,50.4815525381743,71.81526231622776,fairly easy,bastante facil,11.545160439235406,5.226033524975044,FALSE
PAP06,Papelucho,Papelucho perdido,Marcela Paz,children,FALSE,16173,1195,13.533891213389122,9.622987628850678,12,40.418410041841,10.87866108786611,4.201694181660793,1.8513572002720584,81.9539989460196,77.96155520966165,49.706704513204116,70.52822844394066,fairly easy,bastante facil,11.534232536432047,5.126925202316897,FALSE
PAP07,Papelucho,"Papelucho, mi hermana Ji",Marcela Paz,children,FALSE,15301,1196,12.793478260869565,9.070233107015966,11,44.98327759197324,9.698996655518394,4.175740147702765,1.843408927521077,83.18611652264842,79.19714555456736,50.21760317597884,70.27043960263973,fairly easy,bastante facil,11.151681866487838,4.634475226114805,FALSE
PAP08,Papelucho,Papelucho misionero,Marcela Paz,children,FALSE,21574,1425,15.139649122807018,10.887358640133076,13,36.84210526315789,15.368421052631579,4.304162417725039,1.884536942616112,78.32534133777013,74.28869935220922,48.150747355084675,67.15502704945864,fairly easy,bastante facil,12.551999080764862,6.412429548888447,FALSE
PAP09,Papelucho,Diario secreto de Papelucho y el marciano,Marcela Paz,children,FALSE,19742,1530,12.90326797385621,9.047819842173785,11,43.00653594771242,8.169934640522875,4.212997669942255,1.843278289940229,83.08196927025294,79.09549456286754,49.81777881071046,69.99129759534873,fairly easy,bastante facil,11.192958331098627,4.864853012356125,FALSE
PAP10,Papelucho,"Papelucho, mi hermano hippie",Marcela Paz,children,FALSE,21244,1567,13.557115507338864,9.834216573575207,11,42.246330567964264,11.231652839821313,4.252541894181887,1.8594426661645642,81.44518221264052,77.43460639060879,49.2053531988671,68.48886539446171,fairly easy,bastante facil,11.638698508604016,5.378030075266118,FALSE
PAP11,Papelucho,Papelucho en vacaciones,Marcela Paz,children,FALSE,17051,1368,12.464181286549708,8.573420273627734,10,46.198830409356724,7.456140350877193,4.41880241628057,1.9228784235528709,78.75382967454705,74.57549292610645,47.97515311178608,66.49320396684175,fairly easy,bastante facil,11.960996099678265,5.61465002395634,FALSE
PAP12,Papelucho,Papelucho: soy dix leso,Marcela Paz,children,FALSE,16411,1401,11.713775874375447,8.10176032998881,10,48.75089221984297,6.35260528194147,4.235939309000061,1.8682590945097801,82.79640293755024,78.72868253766526,50.01156714666801,67.53949517424238,fairly easy,bastante facil,11.023829906221831,4.378162082578015,FALSE
