book_id,group,title_es,author,mean_sentiment,median_sentiment,sd_sentiment,min_sentiment,max_sentiment,sentiment_range,pct_negative_chunks,n_chunks,n_sentences,pct_negative_sentences,pct_neutral_sentences
CMP01,Comparison,Apocalipsis Z,Manel Loureiro,-0.009312286254255845,-0.00795765757746047,0.03518412108185877,-0.1104756939766603,0.03235715359545598,0.14283284757211628,60,20,7986,27.560731279739542,45.89281242173804
CMP02,Comparison,Cell,Stephen King,0.03582944282009753,0.0269003741831472,0.02984096248152811,-0.004080377398540889,0.09844563255626117,0.10252600995480206,5,20,8683,20.07370724404008,51.491420016123456
CMP03,Comparison,Conan,Robert E. Howard,-0.022812874623799547,-0.013735982799592285,0.04307234336481838,-0.10042278519358223,0.06258920868664665,0.16301199388022888,75,20,3981,32.02712886209495,40.291384074353175
CMP04,Comparison,Amanecer,Stephenie Meyer,0.035243785848519525,0.032720812837835525,0.023444937430508562,0.0025897659413179398,0.08877704777498312,0.08618728183366518,0,20,16393,18.520100042701156,54.81608003416092
CMP05,Comparison,Crepúsculo,Stephenie Meyer,0.049161817613554606,0.04931428929350181,0.02291678932813587,0.006231213444993624,0.09446394994590268,0.08823273650090906,0,20,10700,17.700934579439252,53
CMP06,Comparison,Eclipse,Stephenie Meyer,0.043329495414243815,0.043549776489045615,0.014031848616445363,0.022350020170177284,0.06706648435361086,0.04471646418343357,0,20,14085,18.494852680156196,53.319133830315934
CMP07,Comparison,Luna nueva,Stephenie Meyer,0.035012467751038306,0.030576721117412973,0.01769347070260043,0.008146336342307178,0.076978614268121,0.06883227792581383,0,20,12236,19.810395554102648,52.214776070611315
CMP08,Comparison,Sol de medianoche,Stephenie Meyer,0.03058738511978928,0.025869952095716263,0.023526983874616426,-0.009724208720183132,0.09260412436839613,0.10232833308857926,5,20,6744,20.61091340450771,50.93416370106761
CMP09,Comparison,El exilio,R. A. Salvatore,0.0016877411962982175,0.010693485074425163,0.04619215638624872,-0.07465320068752812,0.07248617309666863,0.14713937378419675,45,20,6169,29.95623277678716,39.82817312368293
CMP10,Comparison,El refugio,R. A. Salvatore,-0.0049493269090760475,-8.56253191767298e-4,0.040312396663150875,-0.08775036584285986,0.06761937738614199,0.15536974322900185,50,20,6389,29.488182814211928,42.087963687588044
CMP11,Comparison,La morada,R. A. Salvatore,0.03223701927122658,0.04040078213185544,0.0399562501491068,-0.04562408178244422,0.09487973427752489,0.1405038160599691,25,20,6854,27.26874817624745,38.44470382258535
CMP12,Comparison,El ocho,Katherine Neville,0.030443853789412244,0.029756598451222423,0.016364715804027177,-0.006702862899405602,0.06899437813708362,0.07569724103648921,5,20,16101,20.06707657909447,51.88497608844172
CMP13,Comparison,El perfume,Patrick Süskind,0.04676555796144998,0.04558595848226454,0.0357995872946558,-0.03529831382776933,0.1216977511165236,0.15699606494429294,10,20,3391,24.80094367443232,38.366263639044526
CMP14,Comparison,El caso Bourne,Robert Ludlum,0.027597224703885904,0.026702621672491295,0.02321919171956547,-0.021204975543830863,0.06552581573497533,0.0867307912788062,15,20,17758,17.97499718436761,57.951345872282914
CMP15,Comparison,El extraño caso de Benjamin Button,F. Scott Fitzgerald,0.07288222021339255,0.06082501106716995,0.053384648607107295,0.01087293542409626,0.21168234400053978,0.20080940857644353,0,20,636,18.867924528301888,44.0251572327044
CMP16,Comparison,Cerco de oscuridad,R. A. Salvatore,0.018325114525753652,0.017224032649611306,0.03660314801478239,-0.05047106661339413,0.09086078012032375,0.14133184673371788,30,20,5732,29.501046755059317,36.98534542916958
CMP17,Comparison,El legado,R. A. Salvatore,-0.030621760775115626,-0.03474635872809938,0.05384184559500808,-0.12951115413715775,0.07943344066516342,0.20894459480232117,70,20,5047,34.31741628690311,38.55755894590846
CMP18,Comparison,Luz en las tinieblas,R. A. Salvatore,0.018453078648653937,0.028400791965620807,0.04508993417741882,-0.07580881095832828,0.09312562378438115,0.16893443474270942,30,20,6632,26.130880579010856,42.3854041013269
CMP19,Comparison,Noche sin estrellas,R. A. Salvatore,0.01902270330130027,0.030367725219961075,0.042654993971226615,-0.0639480148408383,0.10441636122421297,0.16836437606505128,30,20,5692,28.70695713281799,38.54532677442024
CMP20,Comparison,La gema del halfling,R. A. Salvatore,0.012256529954866636,0.014142784734226914,0.05216415468831038,-0.08498123261170508,0.09501060471383506,0.17999183732554014,45,20,7012,26.65430690245294,43.7250427837992
CMP21,Comparison,La piedra de cristal,R. A. Salvatore,0.015181467016425223,0.021073385969001948,0.05051089596559879,-0.12290624706863884,0.10353932682931533,0.22644557389795417,30,20,6034,29.416639045409347,37.288697381504804
CMP22,Comparison,Ríos de plata,R. A. Salvatore,0.008312035790240103,0.016674893034291705,0.05324973989433567,-0.09806953678503177,0.07918613472176132,0.1772556715067931,35,20,6675,28.194756554307116,41.243445692883896
CMP23,Comparison,Finis Mundi,Laura Gallego García,0.0489424889138487,0.045637703576154785,0.036439112413580846,-0.025419293962494843,0.1335370872879727,0.15895638125046754,5,20,5357,16.68844502520067,55.23613963039015
CMP24,Comparison,Guerra Mundial Z,Max Brooks,0.027874535659638437,0.02846858301029838,0.020007344690905742,-5.149377731027636e-4,0.07329640491502629,0.07381134268812906,5,20,7938,24.250440917107582,45.439657344419246
CMP25,Comparison,Harry Potter y el cáliz de fuego,J. K. Rowling,0.027054493384412088,0.029179342339985474,0.019536213299594568,-0.021643079110196695,0.05799928278509105,0.07964236189528774,10,20,14108,20.82506379359229,50.92855117663737
CMP26,Comparison,Harry Potter y el misterio del príncipe,J. K. Rowling,0.04982267652706569,0.05174299739597765,0.025145513942730093,0.0027550388173512345,0.08835757613763093,0.0856025373202797,0,20,11755,19.60867715865589,49.06848149723522
CMP27,Comparison,Harry Potter y el prisionero de Azkaban,J. K. Rowling,0.028177188029644827,0.02860037470372096,0.029179577307223228,-0.015619675480987558,0.09211914810575028,0.10773882358673784,20,20,9321,18.302757214891106,56.174230232807645
CMP28,Comparison,Harry Potter y la cámara secreta,J. K. Rowling,0.014364033158761004,0.014033083247436778,0.024769972041002727,-0.024035252733258742,0.055959556829507665,0.0799948095627664,35,20,6620,21.858006042296072,51.81268882175226
CMP29,Comparison,Harry Potter y la orden del fénix,J. K. Rowling,0.023159365941308904,0.022301027138303075,0.02021330152055966,-0.019801968774462685,0.048156249192884616,0.0679582179673473,10,20,16063,21.440577725206996,50.806200585195796
CMP30,Comparison,Harry Potter y la piedra filosofal,J. K. Rowling,0.021839500884194687,0.023503109338134383,0.02663272995069554,-0.027579464569570066,0.06852306339144519,0.09610252796101526,25,20,6471,19.749652294853963,54.674702518930616
CMP31,Comparison,Harry Potter y las reliquias de la muerte,J. K. Rowling,0.012966967848926833,0.011645906160538365,0.026474938208017364,-0.03661279004937894,0.0592888958729113,0.09590168592229023,35,20,12288,22.900390625,50.2197265625
CMP32,Comparison,Historias fantásticas,Stephen King,0.014206635580842515,0.01896476265508138,0.02530379613315055,-0.039220608268934615,0.04778726455341691,0.08700787282235153,30,20,4175,20.958083832335326,54.37125748502994
CMP33,Comparison,La expedición,Stephen King,0.031498989985445064,0.046140421912710304,0.03623252889355984,-0.037718252914570594,0.07520132996296969,0.11291958287754028,25,20,3671,21.983110868973032,49.33260691909561
CMP34,Comparison,La historia interminable,Michael Ende,0.045499463669407186,0.04523065164044138,0.032248707041756704,-0.003175415890549736,0.11294396205681397,0.1161193779473637,10,20,9105,17.814387699066447,53.113673805601316
CMP35,Comparison,La emperatriz de los Etéreos,Laura Gallego García,0.03440327180968167,0.0312781029405608,0.02308688536889587,-0.007676624582585509,0.07526811736794482,0.08294474195053034,5,20,5311,18.000376576915837,56.05347392204858
CMP36,Comparison,La torre oscura: el pistolero,Stephen King,-0.00487900504789962,-0.005731138827471602,0.02695577076295375,-0.07424496699634614,0.06260374518802843,0.13684871218437455,55.00000000000001,20,4935,24.275582573454916,53.17122593718339
CMP37,Comparison,Las dos espadas,R. A. Salvatore,0.004728062755812084,0.0035376532149493612,0.024909527928156056,-0.038507786078747976,0.0559533248700604,0.09446111094880838,40,20,7131,26.854578600476792,44.28551395316225
CMP38,Comparison,Los senderos de la muerte,R. A. Salvatore,-0.0049432514817959365,-0.003900415257836676,0.032384848155195184,-0.09060184412439388,0.044005154710437866,0.13460699883483174,60,20,8389,28.966503754917156,43.39015377279771
CMP39,Comparison,El alquimista,Paulo Coelho,0.07690161817338136,0.07087003763063382,0.030027201690574438,0.031017689489544815,0.14431267608550707,0.11329498659596227,0,20,2825,17.5929203539823,45.84070796460177
CMP40,Comparison,El ladrón del rayo,Rick Riordan,0.01740164816403815,0.022047445881818124,0.02476863886830545,-0.05127345448140641,0.057085269186150076,0.10835872366755649,15,20,8776,19.15451230628988,57.77119416590701
CMP41,Comparison,El mar de los monstruos,Rick Riordan,0.016777867882666594,0.01801088881088747,0.03702167285025982,-0.06763710969404811,0.10626962215563893,0.17390673184968702,20,20,6339,19.545669663984853,56.712415207445964
CMP42,Comparison,La batalla del laberinto,Rick Riordan,0.01212029505489286,0.010782183073496477,0.01988174604472888,-0.01831273463075136,0.05368142636051742,0.07199416099126878,30,20,9557,19.116877681280737,58.75274667782777
CMP43,Comparison,La maldición del titán,Rick Riordan,0.017770347739407655,0.01869137078069144,0.026048310734676908,-0.0380385909787978,0.061213162420964175,0.09925175339976197,20,20,8101,17.948401431921983,60.30119738303913
CMP44,Comparison,Peter Pan,J. M. Barrie,0.03796227100893999,0.041879206475929215,0.03851171569297641,-0.024759148190595107,0.09773096397369133,0.12249011216428643,20,20,3111,20.70073931211829,49.53391192542591
CMP45,Comparison,Hora cero,S. D. Perry,-0.012139130441258555,-0.015922840380118857,0.037304236409508494,-0.10697976420166101,0.048738033223105055,0.15571779742476607,65,20,4196,28.88465204957102,45.972354623450904
CMP46,Comparison,La conspiración Umbrella,S. D. Perry,0.0059174594356076644,-0.0017745968335131342,0.039681735362942276,-0.06080757174421258,0.07814857810437073,0.13895614984858332,55.00000000000001,20,4133,27.316719090249215,42.24534236631987
CMP47,Comparison,El siervo de la piedra,R. A. Salvatore,0.012749153777754183,0.01024178048137195,0.03514712163693327,-0.05815889916790039,0.0724353697523156,0.13059426892021597,45,20,6483,27.950023137436368,41.77078513034089
CMP48,Comparison,El estigma de Errtu,R. A. Salvatore,0.006378873508269444,-5.502566649885025e-5,0.04089506502983353,-0.05814855036732262,0.09924986553104154,0.15739841589836415,50,20,6064,28.677440633245382,40.979551451187334
CMP49,Comparison,El mar de las espadas,R. A. Salvatore,0.0027627584150934064,0.012987549853113076,0.042036306381163985,-0.09043922218655177,0.0630130939851835,0.15345231617173527,35,20,6866,26.478298863967375,45.26653073113894
CMP50,Comparison,La columna del mundo,R. A. Salvatore,0.01459803295720219,0.01662914482492689,0.029864274683296353,-0.04309116506918325,0.058453702505705245,0.1015448675748885,30,20,7303,25.852389429001782,44.68026838285636
CMP51,Comparison,Conflicto,L. J. Smith,0.025775258369452304,0.022336939809043603,0.036850433493805075,-0.05295970090042795,0.08006767465533242,0.13302737555576039,20,20,4577,18.724055057898187,56.10662005680577
CMP52,Comparison,Despertar,L. J. Smith,0.02804223890326188,0.03370657991053233,0.03595572191566812,-0.06397681386080842,0.08899546262168109,0.1529722764824895,20,20,4755,20.50473186119874,51.96635120925342
CMP53,Comparison,El regreso: anochecer,L. J. Smith,0.003185467687729023,0.003767183430263406,0.024136060662552136,-0.02858117294613781,0.041797139598961565,0.07037831254509938,50,20,6914,25.759328897888345,47.49783048886317
CMP54,Comparison,Furia,L. J. Smith,0.014371041354894712,0.013296590039256005,0.033838056200192417,-0.07039792083121642,0.06864375044692299,0.1390416712781394,30,20,4780,19.9163179916318,55.60669456066945
CMP55,Comparison,Invocación,L. J. Smith,0.0028928554929121214,-0.003333382672282144,0.030129294394383204,-0.04509166560006574,0.07712701488416829,0.12221868048423404,65,20,5118,19.91012114107073,58.53849159828057
CMP56,Comparison,Stardust,Neil Gaiman,0.058089132787168755,0.06130139137024049,0.03746939097294172,-0.02935391555495101,0.11489740353714697,0.14425131909209798,10,20,3905,17.874519846350832,50.06402048655569
CMP57,Comparison,La zona muerta,Stephen King,0.04028416971682835,0.03955861283626596,0.017822617413224356,0.015849333318236323,0.07192263363378082,0.0560733003155445,0,20,13003,17.495962470199185,55.194955010382216
CMP58,Comparison,El nombre de la rosa,Umberto Eco,0.04544358294446416,0.04139868371040199,0.025099576769661434,-0.002279507402074844,0.10510590877872779,0.10738541618080263,5,20,9363,23.47538182206558,42.550464594681195
CMP59,Comparison,Demonios del océano,Justin Somper,0.04835647388565684,0.051508653276422,0.025986906713347083,-0.0019505125917442137,0.10714014152865765,0.10909065412040186,5,20,5922,18.085106382978726,53.748733535967574
CMP60,Comparison,Emboscada en el océano,Justin Somper,0.029964209632726786,0.028462401089649703,0.038286988192734656,-0.051199675595924435,0.10438460371402651,0.15558427930995095,20,20,1650,15.272727272727273,62.787878787878796
CMP61,Comparison,Sangre de capitán,Justin Somper,0.04940435385785183,0.051523940674628343,0.015738160809446226,0.027053136142448996,0.07334346229371794,0.04629032615126894,0,20,12995,14.813389765294344,59.90765679107349
CMP62,Comparison,Una ola de terror,Justin Somper,0.06463704231917344,0.0696192985838035,0.042908083296394194,-0.007254859384106316,0.14773870994628716,0.15499356933039346,10,20,8866,15.892172343785246,54.11685089104444
CMP63,Comparison,Viaje al centro de la Tierra,Jules Verne,0.05708160952396342,0.05704069619116689,0.038258878417384026,0.005039614537402294,0.14929264991440466,0.14425303537700238,0,20,4404,21.162579473206176,44.77747502270663
PAP01,Papelucho,Papelucho,Marcela Paz,-0.006146974237589687,-0.006688011892245171,0.04518404464456646,-0.12254513247237189,0.05974176356863281,0.1822868960410047,55.00000000000001,20,1187,28.22240943555181,44.397641112047175
PAP02,Papelucho,Papelucho casi huérfano,Marcela Paz,0.01829511829473397,0.016859538199352268,0.06219770038231265,-0.1072577660327032,0.18628200364840813,0.29353976968111134,35,20,901,27.192008879023305,40.399556048834626
PAP03,Papelucho,Papelucho historiador,Marcela Paz,0.048951029031752094,0.05913538461924586,0.045174764134412244,-0.037519027658872973,0.11337350616597347,0.15089253382484644,20,20,1141,18.054338299737072,53.023663453111304
PAP04,Papelucho,Papelucho detective,Marcela Paz,0.009353650929730555,0.015758634158205127,0.04339591103240292,-0.08384836890818219,0.0729150711669393,0.1567634400751215,40,20,1817,23.115024766097964,51.56851953769951
PAP05,Papelucho,Papelucho en la clínica,Marcela Paz,0.015907709617916873,0.014216047949399464,0.04183749085779116,-0.054793238510808154,0.1315328468900455,0.18632608540085366,35,20,1700,25.35294117647059,45.529411764705884
PAP06,Papelucho,Papelucho perdido,Marcela Paz,0.01597248251914648,0.014176345807445225,0.05235394295637497,-0.10104417858461086,0.10544748049640915,0.20649165908102002,35,20,1195,21.841004184100417,52.63598326359833
PAP07,Papelucho,"Papelucho, mi hermana Ji",Marcela Paz,0.002759236702136073,0.004048317429384323,0.04500277719571529,-0.09728332518531839,0.07471967327638679,0.1720029984617052,40,20,1196,22.9933110367893,53.34448160535117
PAP08,Papelucho,Papelucho misionero,Marcela Paz,0.015843592214640264,0.008849701864801867,0.04785404528107417,-0.07630992685950412,0.11041037734554637,0.18672030420505048,35,20,1425,22.87719298245614,49.75438596491228
PAP09,Papelucho,Diario secreto de Papelucho y el marciano,Marcela Paz,0.012349645120588504,0.02243162069402073,0.04262605657854985,-0.060905815005461474,0.09472701923773447,0.15563283424319593,40,20,1530,22.287581699346408,53.071895424836605
PAP10,Papelucho,"Papelucho, mi hermano hippie",Marcela Paz,0.01860340704399701,0.020031062218632,0.02426728040710817,-0.03445823077448255,0.05325140396639561,0.08770963474087816,25,20,1567,21.442246330567965,52.839821314613914
PAP11,Papelucho,Papelucho en vacaciones,Marcela Paz,0.003818397560824684,0.011203856696570877,0.047483498719602654,-0.08230096933104689,0.1114231652680687,0.19372413459911558,45,20,1368,22.514619883040936,53.80116959064327
PAP12,Papelucho,Papelucho: soy dix leso,Marcela Paz,-0.011229152725386847,-0.011499781442373347,0.03194463277274147,-0.06513273787001923,0.07691110828858007,0.1420438461585993,70,20,1401,22.769450392576733,56.3169164882227
