book_id,group,title_es,anger,anticipation,disgust,fear,joy,sadness,surprise,trust
CMP01,Comparison,Apocalipsis Z,0.1113790272932485,0.13554278678432177,0.10609480812641085,0.17371229222245024,0.06746357479991792,0.16114303303919558,0.07833983172583624,0.16632464600861893
CMP02,Comparison,Cell,0.09496385246906017,0.14128170567332435,0.0920843033941919,0.13987256463668668,0.099375076583752,0.15120695993138095,0.08074990809949761,0.20046562921210637
CMP03,Comparison,Conan,0.1411834120026972,0.11446392447741066,0.12171274443695211,0.19335805799055966,0.0696223870532704,0.1363789615643965,0.08268712070128119,0.14059339177343222
CMP04,Comparison,Amanecer,0.0993733545923097,0.1661166524528162,0.08379991842485818,0.13927101486892357,0.11524342763914124,0.13756535281248844,0.08598761541028589,0.17264266379917684
CMP05,Comparison,Crepúsculo,0.08199130128129775,0.17009521570471378,0.06700364405783472,0.12225226284236511,0.11954860702950512,0.14376395909251205,0.09468672857646644,0.20065828141530503
CMP06,Comparison,Eclipse,0.09900565746614091,0.1618378193039602,0.07457569003943082,0.13372192696725527,0.1119492542430996,0.14340819475398595,0.08846219783987656,0.18703925938625063
CMP07,Comparison,Luna nueva,0.0947533281127643,0.16361589663273296,0.07669342208300706,0.13268402505873142,0.10694009397024277,0.1529463586530932,0.08775450274079875,0.1846123727486296
CMP08,Comparison,Sol de medianoche,0.09248509570128648,0.1724192030122372,0.0725604016316285,0.13515845622842798,0.12127392532161907,0.1397866331973643,0.08856291182930656,0.1777533730781299
CMP09,Comparison,El exilio,0.1448222930688393,0.129944503483292,0.08407131892785454,0.20746251033179833,0.07096469476915811,0.13874129176998465,0.07007911205573267,0.15391427559334042
CMP10,Comparison,El refugio,0.1308715416128851,0.1382232448510017,0.09579662158370278,0.1975419496043549,0.07929737920197542,0.12649419159324315,0.0760424266232673,0.15573264492956954
CMP11,Comparison,La morada,0.15101033472157951,0.13491696231168698,0.0837061031415497,0.18767031723996094,0.07835878451334259,0.12478790683325622,0.08648259550619569,0.1530669957324284
CMP12,Comparison,El ocho,0.09347840963525628,0.17337302401970847,0.07845753780880038,0.13183466776158215,0.09731061383699446,0.13638541025114623,0.09279408745637446,0.19636624923013754
CMP13,Comparison,El perfume,0.10807006568658117,0.13778542383484518,0.11815764779480764,0.13583046606193305,0.11111979981232406,0.1386456052549265,0.08140444166406006,0.16898654989052236
CMP14,Comparison,El caso Bourne,0.1145970681765299,0.13875746529124328,0.08543395641045527,0.15194291475994723,0.0751570619716125,0.14996509733964164,0.07953928488326999,0.20460715116730008
CMP15,Comparison,El extraño caso de Benjamin Button,0.07883565797453002,0.13947847180109157,0.11522134627046694,0.11340206185567009,0.10309278350515465,0.12492419648271681,0.07883565797453002,0.24620982413583992
CMP16,Comparison,Cerco de oscuridad,0.14445112946452987,0.12744079199256142,0.08838812011157907,0.18000328173713284,0.083301427555652785,0.12175244762894492,0.07755838757315539,0.1771044139364437
CMP17,Comparison,El legado,0.1547574742587768,0.11319935491874457,0.10284083860563206,0.2066741099119216,0.06401190919240789,0.13968490261754124,0.08522515816896166,0.13360625232601414
CMP18,Comparison,Luz en las tinieblas,0.1264081517124257,0.1394282479479196,0.094027738465893,0.17865836399660345,0.08893291819983018,0.1199547127087461,0.09459382960656665,0.15799603736201528
CMP19,Comparison,Noche sin estrellas,0.12558833658592583,0.13264837561703594,0.09063253357823442,0.18689013890483297,0.08523705659510963,0.12254620594650444,0.09878314774423143,0.15767420502812537
CMP20,Comparison,La gema del halfling,0.12586360597281035,0.14419433920213953,0.09973256073100067,0.18414308000891466,0.07739023846668153,0.11862045910407845,0.0941609092935146,0.15589480722086027
CMP21,Comparison,La piedra de cristal,0.14067989509624426,0.1416200702657232,0.08367559008362611,0.1862536493641447,0.0796179919837696,0.11856103716166065,0.08570438913355435,0.16388737691127717
CMP22,Comparison,Ríos de plata,0.13172128539611838,0.14344044967652986,0.08362498674302683,0.1858097359210945,0.08139781525082194,0.12572913352423376,0.09423056527733589,0.1540460282108389
CMP23,Comparison,Finis Mundi,0.09755256807997241,0.16695392393427552,0.07721475353326439,0.12903596460990463,0.11065149948293691,0.13730897391704008,0.08652188900379179,0.1947604274388142
CMP24,Comparison,Guerra Mundial Z,0.1246305418719212,0.13278598795840174,0.07985769020251779,0.1770662287903667,0.07974822112753148,0.14800218938149973,0.07531472359058566,0.18259441707717572
CMP25,Comparison,Harry Potter y el cáliz de fuego,0.0986946487811914,0.13879273041973172,0.10774556469061013,0.12750613010240877,0.09458387422472234,0.1448507139766335,0.08481176979662484,0.20301456800807732
CMP26,Comparison,Harry Potter y el misterio del príncipe,0.09389630657187446,0.14331541529391364,0.09814461591815503,0.13039708687359114,0.10343332755332062,0.14669672273279002,0.08266863187099012,0.20144789318536502
CMP27,Comparison,Harry Potter y el prisionero de Azkaban,0.09176706827309238,0.14518072289156628,0.08815261044176707,0.13821954484605087,0.09745649263721552,0.14243641231593038,0.0927041499330656,0.2040829986613119
CMP28,Comparison,Harry Potter y la cámara secreta,0.09732824427480916,0.13875636132315522,0.11172073791348601,0.14002862595419846,0.09645356234096691,0.13597328244274806,0.08571882951653943,0.19402035623409666
CMP29,Comparison,Harry Potter y la orden del fénix,0.10129194329804414,0.14558286978886298,0.0952509121358933,0.13421855374125247,0.09976673246007536,0.143339912674203,0.08804354327411926,0.1925055326275495
CMP30,Comparison,Harry Potter y la piedra filosofal,0.09947846242997875,0.1472860730152598,0.10034769171334751,0.13675874058334944,0.09860923314661,0.14467838516515355,0.08943403515549546,0.1834073787908055
CMP31,Comparison,Harry Potter y las reliquias de la muerte,0.10772978475858057,0.13718004653868526,0.10387579988365328,0.1527777777777778,0.08987783595113438,0.15030541012216403,0.08940517742873764,0.168848167539267
CMP32,Comparison,Historias fantásticas,0.09716339365935053,0.14542420741881656,0.08933384674624567,0.13374406366320113,0.10935695032730074,0.14645103324348607,0.08946219997432936,0.18906430496726992
CMP33,Comparison,La expedición,0.09220430107526882,0.15510752688172044,0.09422043010752688,0.1493279569892473,0.09973118279569894,0.14973118279569894,0.0842741935483871,0.17540322580645162
CMP34,Comparison,La historia interminable,0.089932565495017,0.17061526526227844,0.08999224204809929,0.1326013009488572,0.1148176881303336,0.1334964492450916,0.09351315867995463,0.1750313301903682
CMP35,Comparison,La emperatriz de los Etéreos,0.09404119666503188,0.16245708680725848,0.08435507601765571,0.13965179009318293,0.10507601765571359,0.15718489455615497,0.08435507601765571,0.17287886218734674
CMP36,Comparison,La torre oscura: el pistolero,0.11524123974864202,0.14165512834167643,0.10554904675684312,0.14751304718287359,0.08627116838853978,0.16838853978059432,0.08115880285440409,0.15422302694642667
CMP37,Comparison,Las dos espadas,0.14967840401177368,0.13141829281587264,0.10307423961626512,0.17922162869290306,0.07958138013735963,0.1145208764853374,0.07909080998582797,0.1634143682546604
CMP38,Comparison,Los senderos de la muerte,0.1512075932713091,0.12414246781317545,0.11441593835165868,0.19260407856404474,0.07348933370923785,0.12254487360210506,0.07503993985527677,0.14655577483319238
CMP39,Comparison,El alquimista,0.10444158352108143,0.20373350498873513,0.07467009977470229,0.12069520437721276,0.12471837785645318,0.10766012230447378,0.0785323463147731,0.1855487608625684
CMP40,Comparison,El ladrón del rayo,0.10374014323952832,0.14504810822542138,0.08637777617015119,0.1454098242060334,0.10931056934095347,0.13296679447297982,0.08478622585545828,0.19236055848947406
CMP41,Comparison,El mar de los monstruos,0.10269394369050029,0.15323070690702853,0.091452298966984,0.1486732833704679,0.10451691310512456,0.1367227060968199,0.08638849503747213,0.17632165282560258
CMP42,Comparison,La batalla del laberinto,0.09832894940430141,0.15395327247408325,0.08935478879777194,0.1590592604053845,0.09337768838000929,0.1453659291350766,0.08649234101810305,0.17406777038527002
CMP43,Comparison,La maldición del titán,0.09823462414578588,0.14312832194381167,0.09491268033409263,0.16192103264996202,0.10022779043280182,0.14066059225512528,0.08428246013667426,0.1766324981017464
CMP44,Comparison,Peter Pan,0.10740684869512747,0.15115402021421026,0.09684718660431438,0.13244833308191278,0.10816111027304269,0.1427062905415598,0.08613667219791823,0.1751395383919143
CMP45,Comparison,Hora cero,0.10267302113551596,0.13396187318690428,0.10681723995026939,0.17706174886033982,0.07936179030252799,0.14401160381268133,0.08868628263572317,0.16742644011603813
CMP46,Comparison,La conspiración Umbrella,0.0967285754690299,0.1403789950032997,0.1015367210332799,0.1519751107759027,0.06853964363156406,0.13689073253511833,0.0860752333364759,0.21787498821532952
CMP47,Comparison,El siervo de la piedra,0.15068635068635067,0.11851851851851851,0.09515669515669514,0.18575498575498575,0.07438487438487439,0.1408961408961409,0.09178969178969178,0.1428127428127428
CMP48,Comparison,El estigma de Errtu,0.13278374034323637,0.12256960647067974,0.10701508788303003,0.18820967491056154,0.07559496033597761,0.13293928552911288,0.08949033027427801,0.15139731425312386
CMP49,Comparison,El mar de las espadas,0.14496368978324742,0.12650368645712068,0.10965131104828427,0.19003270691280005,0.0766117855756971,0.11164698708354123,0.0847607960529963,0.155829037086313
CMP50,Comparison,La columna del mundo,0.12868267712247455,0.13347492239830094,0.10733540271197517,0.15716386211403366,0.10428579208190383,0.12530632249632412,0.08658715896095409,0.15716386211403366
CMP51,Comparison,Conflicto,0.09981489391997721,0.14395557454079452,0.0922682614267407,0.13925672789406235,0.09326498647301722,0.15677061085006405,0.08443685034885376,0.1902320945464901
CMP52,Comparison,Despertar,0.10786957587644029,0.13826918362343713,0.0915665604314783,0.14243687178229958,0.0969600392253003,0.15224319686197596,0.0855601863201765,0.18509438587889188
CMP53,Comparison,El regreso: anochecer,0.11984945817922264,0.13652585815326715,0.10635260528194147,0.15793913438453053,0.08318733372266564,0.15534358575043802,0.08922198429693076,0.15158004023100383
CMP54,Comparison,Furia,0.10366590573385256,0.13629649523297974,0.09816033302000807,0.15697596347522494,0.08674634080837922,0.1557674231234054,0.08218074392372768,0.18020679468242248
CMP55,Comparison,Invocación,0.11887316826680143,0.13479029813036889,0.09348155634158667,0.1637190500252653,0.0874178878221324,0.16093986862051543,0.09095502779181405,0.14982314300151595
CMP56,Comparison,Stardust,0.08595531235750113,0.15458276333789328,0.10339717282261741,0.10590515275877792,0.1396488828089375,0.1263109895120839,0.07102143182854537,0.21317829457364337
CMP57,Comparison,La zona muerta,0.08670357511494792,0.1510274936661349,0.08327859622783147,0.13601388758562447,0.11081917988176786,0.14708642207000092,0.08900253354602608,0.19606831190766633
CMP58,Comparison,El nombre de la rosa,0.10282077866361589,0.141432197633263,0.095670515891459,0.14808194201136893,0.10053269457652568,0.1380715741303493,0.07472024596903935,0.1986700511243788
CMP59,Comparison,Demonios del océano,0.1070970749329915,0.17235753408693627,0.07633142990327468,0.13296818552616244,0.08880083906304626,0.14520452161752712,0.07784640484791983,0.19939401002214194
CMP60,Comparison,Emboscada en el océano,0.11040339702760085,0.17622080679405522,0.08067940552016985,0.1316348195329087,0.09501061571125265,0.15074309978768577,0.0902335456475584,0.16507430997876857
CMP61,Comparison,Sangre de capitán,0.10557634500950862,0.15796576897122877,0.08257162137292191,0.1386418011164959,0.09968713575854242,0.14772099871173547,0.08005643825532176,0.18777989080424515
CMP62,Comparison,Una ola de terror,0.11169284467713787,0.17309217832778043,0.07258448357924799,0.13509439949230526,0.09178169125813106,0.1331905441853086,0.07829604950023798,0.20426780897985086
CMP63,Comparison,Viaje al centro de la Tierra,0.0849286092014807,0.1530407191961925,0.07932310946589106,0.15325224748810157,0.08979375991538868,0.14352194606028557,0.09021681649920678,0.20592279217345322
PAP01,Papelucho,Papelucho,0.10887096774193548,0.14180107526881722,0.08568548387096775,0.16465053763440862,0.09307795698924731,0.16498655913978494,0.06686827956989248,0.17405913978494625
PAP02,Papelucho,Papelucho casi huérfano,0.10034870205346764,0.1522665633475397,0.09337466098411469,0.14180550174351028,0.09376210771018985,0.1569159240604417,0.06237892289810152,0.19914761720263463
PAP03,Papelucho,Papelucho historiador,0.12867215041128083,0.13337250293772035,0.059929494712103404,0.14982373678025854,0.10223266745005875,0.1374853113983549,0.0963572267920094,0.19212690951821387
PAP04,Papelucho,Papelucho detective,0.09629861982434128,0.13488080301129235,0.09410288582183188,0.14899623588456715,0.0937892095357591,0.1540150564617315,0.08375156838143037,0.19416562107904645
PAP05,Papelucho,Papelucho en la clínica,0.09333672431332656,0.14318413021363174,0.07782299084435401,0.16480162767039674,0.09257375381485249,0.14623601220752797,0.07146490335707019,0.2105798575788403
PAP06,Papelucho,Papelucho perdido,0.10357304387155133,0.13342379014020805,0.09090909090909091,0.15694255992763456,0.09905020352781548,0.12166440524649479,0.0841248303934871,0.2103120759837178
PAP07,Papelucho,"Papelucho, mi hermana Ji",0.09019221291276491,0.12814194184327254,0.08378511582060127,0.19122720551996059,0.09807787087235093,0.1286347954657467,0.06899950714637752,0.2109413504189256
PAP08,Papelucho,Papelucho misionero,0.09763983187843518,0.1480763013255739,0.0863239573229874,0.16391852570320078,0.11186550274814097,0.1138053669576463,0.07403815066278695,0.2043323634012286
PAP09,Papelucho,Diario secreto de Papelucho y el marciano,0.09630996309963098,0.13800738007380073,0.08856088560885608,0.16752767527675275,0.09630996309963098,0.1335793357933579,0.09188191881918818,0.18782287822878227
PAP10,Papelucho,"Papelucho, mi hermano hippie",0.08811241929358146,0.1397645271553361,0.08317508545385492,0.1488796050132928,0.0938093429548044,0.17090770983668818,0.07823775161412837,0.1971135586783137
PAP11,Papelucho,Papelucho en vacaciones,0.12017167381974249,0.14420600858369098,0.08326180257510729,0.17510729613733905,0.09484978540772532,0.14935622317596564,0.09957081545064377,0.1334763948497854
PAP12,Papelucho,Papelucho: soy dix leso,0.11972157772621811,0.11090487238979119,0.10023201856148492,0.1767981438515081,0.06960556844547564,0.16241299303944315,0.07378190255220417,0.1865429234338747
