design,metric,n_focus,n_comparison,median_focus,median_comparison,cliffs_delta,delta_lower,delta_upper,delta_magnitude,p_adjusted,significant,higher_in
full corpus,TTR,12,63,0.47469333333333336,0.5026866666666666,-0.6825396825396826,-0.8597883597883598,-0.48148148148148145,large,0.0033687701965367323,TRUE,Comparison
full corpus,MTLD,12,63,676.1192997834244,973.596705114404,-0.783068783068783,-0.9126984126984127,-0.6216931216931217,large,4.0954347834908994e-4,TRUE,Comparison
full corpus,MATTR,12,63,0.929219282299872,0.9467804483942638,-0.7275132275132276,-0.8783068783068783,-0.5529100529100529,large,0.0013827138253875912,TRUE,Comparison
full corpus,Hapax_ratio,12,63,0.6546978470227658,0.6958806114029589,-0.9232804232804233,-0.9920634920634921,-0.8227513227513228,large,1.1855272276011796e-5,TRUE,Comparison
full corpus,Shannon_H,12,63,7.294622352034489,7.345426280919989,-0.4126984126984127,-0.6534391534391535,-0.14808201058201093,medium,0.2708575689437319,FALSE,Comparison
full corpus,words_per_sentence,12,63,13.218579593622666,14.770125532650006,-0.018518518518518517,-0.29894179894179895,0.2671957671957672,negligible,1,FALSE,Comparison
full corpus,letters_per_word,12,63,4.2073459258015244,4.618800411875751,-1,-1,-1,large,1.6597728898742358e-6,TRUE,Comparison
full corpus,syllables_per_word,12,63,1.8473830638965678,1.9819882421715584,-1,-1,-1,large,1.6597728898742358e-6,TRUE,Comparison
full corpus,Fernandez_Huerta,12,63,82.37520094178493,73.99070088753248,0.9761904761904762,0.9206349206349206,1,large,2.818913912555495e-6,TRUE,Papelucho
full corpus,Szigriszt_Pazos,12,63,78.34511887366347,69.63337341851506,0.9788359788359788,0.9312169312169312,1,large,2.696161216422362e-6,TRUE,Papelucho
full corpus,Gutierrez_Polini,12,63,49.76224166195729,45.67018005874928,1,1,1,large,1.6597728898742358e-6,TRUE,Papelucho
full corpus,Mu_index,12,63,70.26037881954466,64.8480492642094,0.8518518518518519,0.706283068783069,0.9629629629629629,large,8.111999691311043e-5,TRUE,Papelucho
full corpus,CCONJ,12,63,0.06639639589150406,0.039572925849740426,1,1,1,large,1.6597728898742358e-6,TRUE,Papelucho
full corpus,SCONJ,12,63,0.04454467183498395,0.0357805330469589,0.8068783068783069,0.6164021164021164,0.9497354497354498,large,2.483088607017949e-4,TRUE,Papelucho
full corpus,PRON,12,63,0.11201240332943316,0.08153395212506107,0.9629629629629629,0.8994708994708994,1,large,4.0350309344625606e-6,TRUE,Papelucho
full corpus,VERB,12,63,0.1684669847001039,0.15384993366419342,0.7962962962962963,0.6137566137566137,0.9338624338624338,large,3.095261768003894e-4,TRUE,Papelucho
full corpus,NOUN,12,63,0.1725376954962821,0.18313441596556446,-0.4576719576719577,-0.6825396825396826,-0.1930555555555559,medium,0.15202780546311725,FALSE,Comparison
full corpus,ADJ,12,63,0.046350625337377924,0.05341420465662297,-0.7671957671957672,-0.9682539682539683,-0.46825396825396826,large,5.733385481410908e-4,TRUE,Comparison
full corpus,ADV,12,63,0.06069050162006143,0.05980277289591877,-0.026455026455026457,-0.2778439153439152,0.24338624338624337,negligible,1,FALSE,Papelucho
full corpus,DET,12,63,0.1311450334258501,0.14644024788952326,-0.6455026455026455,-0.8359788359788359,-0.4205687830687834,large,0.006497129134530394,TRUE,Comparison
full corpus,ADP,12,63,0.12413153346505296,0.14357498292516344,-0.9867724867724867,-1,-0.9523809523809523,large,2.1938807177765603e-6,TRUE,Comparison
full corpus,PROPN,12,63,0.028093500241919953,0.05099951243295953,-0.7195767195767195,-0.9259259259259259,-0.431150793650794,large,0.0015697661251405654,TRUE,Comparison
full corpus,lexical_density,12,63,0.47871970725868296,0.505029296875,-0.9365079365079365,-0.9947089947089947,-0.8438492063492068,large,8.432933822931216e-6,TRUE,Comparison
full corpus,mean_sentiment,12,63,0.014096618667614384,0.023159365941308904,-0.36243386243386244,-0.6296296296296297,-0.06342592592592629,medium,0.3882606514192088,FALSE,Comparison
full corpus,sd_sentiment,12,63,0.04508877066506377,0.032248707041756704,0.6296296296296297,0.33855820105820117,0.8650793650793651,large,0.008378473634766938,TRUE,Papelucho
full corpus,sentiment_range,12,63,0.17714494725135493,0.12221868048423404,0.6507936507936508,0.3835317460317461,0.8730820105820102,large,0.0062124612569026995,TRUE,Papelucho
full corpus,pct_negative_chunks,12,63,37.5,20,0.48544973544973546,0.24735449735449735,0.6957671957671958,large,0.10291003846754437,FALSE,Papelucho
full corpus,joy,12,63,13.311128870376965,13.282490101990549,-0.09788359788359788,-0.40482804232804226,0.187896825396825,negligible,1,FALSE,Papelucho
full corpus,fear,12,63,23.106396196264825,21.159519973935236,0.1349206349206349,-0.12169312169312169,0.41005291005291006,negligible,1,FALSE,Papelucho
full corpus,sadness,12,63,20.795905835275857,20.0934375409335,-0.07407407407407407,-0.5291005291005291,0.3705026455026448,negligible,1,FALSE,Papelucho
full corpus,trust,12,63,26.76835463903219,25.975696007201183,0.10317460317460317,-0.30429894179894174,0.48154761904761867,negligible,1,FALSE,Papelucho
full corpus,anger,12,63,14.288217391985299,14.867714924095305,-0.21428571428571427,-0.49742063492063476,0.082010582010582,small,1,FALSE,Comparison
full corpus,emotion_density,12,63,136.99006179906286,143.55705333820563,-0.37566137566137564,-0.6455026455026455,-0.0873015873015873,medium,0.36775198230476913,FALSE,Comparison
full corpus,valence_ratio,12,63,1.014574898785425,1.1141335362373976,-0.3941798941798942,-0.674669312169312,-0.06871693121693158,medium,0.31865226660198176,FALSE,Comparison
audience-matched,TTR,12,30,0.47469333333333336,0.4939766666666666,-0.5722222222222222,-0.8055555555555556,-0.2777777777777778,large,0.04751430769213598,TRUE,Comparison
audience-matched,MTLD,12,30,676.1192997834244,874.2433952948388,-0.6555555555555556,-0.8612499999999998,-0.38333333333333336,large,0.016048461210301856,TRUE,Comparison
audience-matched,MATTR,12,30,0.929219282299872,0.9394755941560627,-0.5388888888888889,-0.7722222222222223,-0.24986111111111187,large,0.07214398338415043,FALSE,Comparison
audience-matched,Hapax_ratio,12,30,0.6546978470227658,0.697130187782772,-0.9722222222222222,-1,-0.9055555555555556,large,3.430389898915207e-5,TRUE,Comparison
audience-matched,Shannon_H,12,30,7.294622352034489,7.265132875950868,-0.16111111111111112,-0.49444444444444446,0.2,small,1,FALSE,Papelucho
audience-matched,words_per_sentence,12,30,13.218579593622666,11.556030970163844,0.49444444444444446,0.19430555555555581,0.7555555555555555,large,0.12364140559523198,FALSE,Papelucho
audience-matched,letters_per_word,12,30,4.2073459258015244,4.595387092146151,-1,-1,-1,large,1.9726860395089014e-5,TRUE,Comparison
audience-matched,syllables_per_word,12,30,1.8473830638965678,1.9766206353392555,-1,-1,-1,large,1.9726860395089014e-5,TRUE,Comparison
audience-matched,Fernandez_Huerta,12,30,82.37520094178493,75.93884153252799,0.95,0.8444444444444444,1,large,5.364869866099504e-5,TRUE,Papelucho
audience-matched,Szigriszt_Pazos,12,30,78.34511887366347,71.58897763326894,0.9555555555555556,0.8609722222222225,1,large,4.853184637537357e-5,TRUE,Papelucho
audience-matched,Gutierrez_Polini,12,30,49.76224166195729,46.574288878905186,1,1,1,large,1.9726860395089014e-5,TRUE,Papelucho
audience-matched,Mu_index,12,30,70.26037881954466,66.76564528531726,0.7166666666666667,0.4388888888888889,0.9222222222222223,large,0.006585085487430058,TRUE,Papelucho
audience-matched,CCONJ,12,30,0.06639639589150406,0.03809136643588508,1,1,1,large,1.9726860395089014e-5,TRUE,Papelucho
audience-matched,SCONJ,12,30,0.04454467183498395,0.03595717107086982,0.7777777777777778,0.5444444444444444,0.95,large,0.002055028217361106,TRUE,Papelucho
audience-matched,PRON,12,30,0.11201240332943316,0.09239635178716171,0.9222222222222223,0.7944444444444444,1,large,1.0168854234201611e-4,TRUE,Papelucho
audience-matched,VERB,12,30,0.1684669847001039,0.1618949569109076,0.5888888888888889,0.2611111111111111,0.8555555555555555,large,0.039721980438846734,TRUE,Papelucho
audience-matched,NOUN,12,30,0.1725376954962821,0.1659880842121806,0.06111111111111111,-0.3223611111111109,0.45555555555555555,negligible,1,FALSE,Papelucho
audience-matched,ADJ,12,30,0.046350625337377924,0.05190518752469693,-0.7,-0.9666666666666667,-0.3388888888888889,large,0.008558437377447027,TRUE,Comparison
audience-matched,ADV,12,30,0.06069050162006143,0.06645973708599062,-0.6777777777777778,-0.8833333333333333,-0.4222222222222222,large,0.011478477583105344,TRUE,Comparison
audience-matched,DET,12,30,0.1311450334258501,0.13374361611818017,-0.26666666666666666,-0.6388888888888888,0.14444444444444443,small,1,FALSE,Comparison
audience-matched,ADP,12,30,0.12413153346505296,0.1374295623734352,-0.9722222222222222,-1,-0.9111111111111111,large,3.430389898915207e-5,TRUE,Comparison
audience-matched,PROPN,12,30,0.028093500241919953,0.05270941132201307,-0.7944444444444444,-0.9833333333333333,-0.5387500000000007,large,0.0015668836129029025,TRUE,Comparison
audience-matched,lexical_density,12,30,0.47871970725868296,0.5086981175987946,-0.9888888888888889,-1,-0.95,large,2.319653392950053e-5,TRUE,Comparison
audience-matched,mean_sentiment,12,30,0.014096618667614384,0.029070698831185807,-0.6222222222222222,-0.8722222222222222,-0.3165277777777786,large,0.02478509797740259,TRUE,Comparison
audience-matched,sd_sentiment,12,30,0.04508877066506377,0.026017608724011994,0.8277777777777777,0.5722222222222222,1,large,8.534434416840756e-4,TRUE,Papelucho
audience-matched,sentiment_range,12,30,0.17714494725135493,0.10079004324417062,0.8055555555555556,0.55,0.9777777777777777,large,0.0013204209978503073,TRUE,Papelucho
audience-matched,pct_negative_chunks,12,30,37.5,12.5,0.7888888888888889,0.5694444444444444,0.9416666666666667,large,0.0015668836129029025,TRUE,Papelucho
audience-matched,joy,12,30,13.311128870376965,13.309145696090951,-0.14444444444444443,-0.49444444444444446,0.21680555555555478,negligible,1,FALSE,Papelucho
audience-matched,fear,12,30,23.106396196264825,19.091741814656757,0.6833333333333333,0.38333333333333336,0.9333333333333333,large,0.011016104047840803,TRUE,Papelucho
audience-matched,sadness,12,30,20.795905835275857,19.769508196347118,0.05,-0.4666666666666667,0.55,negligible,1,FALSE,Papelucho
audience-matched,trust,12,30,26.76835463903219,25.842237251293334,0.2,-0.2611111111111111,0.6277777777777778,small,1,FALSE,Papelucho
audience-matched,anger,12,30,14.288217391985299,13.919454308361118,0.17222222222222222,-0.24458333333333307,0.5723611111111103,small,1,FALSE,Papelucho
audience-matched,emotion_density,12,30,136.99006179906286,138.18446191127646,0.011111111111111112,-0.4111111111111111,0.4444444444444444,negligible,1,FALSE,Comparison
audience-matched,valence_ratio,12,30,1.014574898785425,1.177336548684839,-0.65,-0.9,-0.3277777777777778,large,0.016522475054886354,TRUE,Comparison
original Spanish only,TTR,12,3,0.47469333333333336,0.5008666666666667,-0.6111111111111112,-1,0.16666666666666666,large,1,FALSE,Comparison
original Spanish only,MTLD,12,3,676.1192997834244,944.5256570390301,-0.8333333333333334,-1,-0.4416666666666818,large,0.7635296166286047,FALSE,Comparison
original Spanish only,MATTR,12,3,0.929219282299872,0.948211135797482,-0.9444444444444444,-1,-0.7777777777777778,large,0.4482145345233652,FALSE,Comparison
original Spanish only,Hapax_ratio,12,3,0.6546978470227658,0.6881747207364034,-0.9444444444444444,-1,-0.7777777777777778,large,0.4482145345233652,FALSE,Comparison
original Spanish only,Shannon_H,12,3,7.294622352034489,7.329998668228615,-0.4444444444444444,-1,0.3333333333333333,medium,1,FALSE,Comparison
original Spanish only,words_per_sentence,12,3,13.218579593622666,12.684993409903973,0.2222222222222222,-0.6111111111111112,1,small,1,FALSE,Papelucho
original Spanish only,letters_per_word,12,3,4.2073459258015244,4.641919257904363,-1,-1,-1,large,0.3923596086688051,FALSE,Comparison
original Spanish only,syllables_per_word,12,3,1.8473830638965678,1.9935981186307814,-1,-1,-1,large,0.3923596086688051,FALSE,Comparison
original Spanish only,Fernandez_Huerta,12,3,82.37520094178493,75.56522917858769,1,1,1,large,0.3923596086688051,FALSE,Papelucho
original Spanish only,Szigriszt_Pazos,12,3,78.34511887366347,71.20355906855191,1,1,1,large,0.3923596086688051,FALSE,Papelucho
original Spanish only,Gutierrez_Polini,12,3,49.76224166195729,46.172785849065036,1,1,1,large,0.3923596086688051,FALSE,Papelucho
original Spanish only,Mu_index,12,3,70.26037881954466,66.48706209489241,0.9444444444444444,0.6666666666666666,1,large,0.4482145345233652,FALSE,Papelucho
original Spanish only,CCONJ,12,3,0.06639639589150406,0.0400390625,1,1,1,large,0.3923596086688051,FALSE,Papelucho
original Spanish only,SCONJ,12,3,0.04454467183498395,0.03408203125,0.8888888888888888,0.5555555555555556,1,large,0.5559655590911535,FALSE,Papelucho
original Spanish only,PRON,12,3,0.11201240332943316,0.09130859375,1,1,1,large,0.3923596086688051,FALSE,Papelucho
original Spanish only,VERB,12,3,0.1684669847001039,0.166357421875,0.5555555555555556,0,1,large,1,FALSE,Papelucho
original Spanish only,NOUN,12,3,0.1725376954962821,0.182421875,-0.5555555555555556,-1,0.3333333333333333,large,1,FALSE,Comparison
original Spanish only,ADJ,12,3,0.046350625337377924,0.052572378716744916,-0.6111111111111112,-1,0,large,1,FALSE,Comparison
original Spanish only,ADV,12,3,0.06069050162006143,0.066410804508356,-0.8333333333333334,-1,-0.3333333333333333,large,0.7635296166286047,FALSE,Comparison
original Spanish only,DET,12,3,0.1311450334258501,0.14521484375,-0.6666666666666666,-1,0,large,1,FALSE,Comparison
original Spanish only,ADP,12,3,0.12413153346505296,0.1449530516431925,-1,-1,-1,large,0.3923596086688051,FALSE,Comparison
original Spanish only,PROPN,12,3,0.028093500241919953,0.04494327073552426,-0.3333333333333333,-1,0.5,medium,1,FALSE,Comparison
original Spanish only,lexical_density,12,3,0.47871970725868296,0.496919014084507,-0.9444444444444444,-1,-0.7777777777777778,large,0.4482145345233652,FALSE,Comparison
original Spanish only,mean_sentiment,12,3,0.014096618667614384,0.03440327180968167,-0.2777777777777778,-1,0.8333333333333334,small,1,FALSE,Comparison
original Spanish only,sd_sentiment,12,3,0.04508877066506377,0.03518412108185877,0.7777777777777778,0.3333333333333333,1,large,0.9756183187019519,FALSE,Papelucho
original Spanish only,sentiment_range,12,3,0.17714494725135493,0.14283284757211628,0.6111111111111112,0,1,large,1,FALSE,Papelucho
original Spanish only,pct_negative_chunks,12,3,37.5,5,0.3888888888888889,-0.8333333333333334,1,medium,1,FALSE,Papelucho
original Spanish only,joy,12,3,13.311128870376965,12.720795606352976,0.16666666666666666,-0.8333333333333334,0.9444444444444444,small,1,FALSE,Papelucho
original Spanish only,fear,12,3,23.106396196264825,18.34008361640972,0.3333333333333333,-1,1,medium,1,FALSE,Papelucho
original Spanish only,sadness,12,3,20.795905835275857,19.515939378102953,-0.2222222222222222,-1,0.6666666666666666,small,1,FALSE,Papelucho
original Spanish only,trust,12,3,26.76835463903219,25.367960625669998,0.3333333333333333,-0.3333333333333333,0.8888888888888888,medium,1,FALSE,Papelucho
original Spanish only,anger,12,3,14.288217391985299,13.86529918996603,0.05555555555555555,-1,0.9444444444444444,negligible,1,FALSE,Papelucho
original Spanish only,emotion_density,12,3,136.99006179906286,142.13156519466946,0,-0.8333333333333334,1,negligible,1,FALSE,Comparison
original Spanish only,valence_ratio,12,3,1.014574898785425,1.2693345323741005,-0.3888888888888889,-1,0.6666666666666666,medium,1,FALSE,Comparison
